,facility_available_name,facility_is_available,place_name
0,장애인 전용 주차구역_FR푸드시스템,이용가능,FR푸드시스템
1,주출입구 높이차이 제거_FR푸드시스템,이용가능,FR푸드시스템
2,주출입구 접근로_OK목장,이용가능,OK목장
3,장애인 전용 주차구역_OK목장,이용가능,OK목장
4,주출입구 접근로_The만나,이용불편,The만나
5,장애인 전용 주차구역_The만나,이용가능,The만나
6,주출입구 높이차이 제거_The만나,이용불편,The만나
7,주출입구 접근로_㈜이리오어라(한정식),이용가능,㈜이리오어라(한정식)
8,장애인 전용 주차구역_㈜이리오어라(한정식),이용가능,㈜이리오어라(한정식)
9,주출입구 접근로_가야옥,이용불편,가야옥
10,장애인 전용 주차구역_가야옥,이용가능,가야옥
11,주출입구 높이차이 제거_가야옥,이용가능,가야옥
12,주출입구 접근로_가족천하,이용가능,가족천하
13,주출입구 접근로_갈비둥지,이용불편,갈비둥지
14,장애인 전용 주차구역_갈비둥지,이용불편,갈비둥지
15,주출입구 높이차이 제거_갈비둥지,이용불편,갈비둥지
16,주출입구 접근로_갈비사랑,이용불편,갈비사랑
17,주출입구 높이차이 제거_갈비사랑,이용가능,갈비사랑
18,주출입구 접근로_갈비세상,이용가능,갈비세상
19,주출입구 높이차이 제거_갈비세상,이용가능,갈비세상
20,주출입구 접근로_갈비예찬,이용불편,갈비예찬
21,주출입구 높이차이 제거_갈비예찬,이용불편,갈비예찬
22,주출입구 접근로_감자바우,이용가능,감자바우
23,주출입구 높이차이 제거_감자바우,이용가능,감자바우
24,주출입구 접근로_강강술래,이용불편,강강술래
25,장애인 전용 주차구역_강강술래,이용불편,강강술래
26,주출입구 높이차이 제거_강강술래,이용가능,강강술래
27,주출입구 접근로_강강술래,이용가능,강강술래
28,장애인용 관람석_강강술래,이용가능,강강술래
29,주출입구 접근로_개성면옥,이용가능,개성면옥
30,장애인 전용 주차구역_개성면옥,이용가능,개성면옥
31,주출입구 접근로_개성면옥(함흥냉면),이용불편,개성면옥(함흥냉면)
32,장애인 전용 주차구역_개성면옥(함흥냉면),이용불편,개성면옥(함흥냉면)
33,주출입구 접근로_거북이집,이용가능,거북이집
34,장애인 전용 주차구역_거북이집,이용가능,거북이집
35,주출입구 높이차이 제거_거북이집,이용가능,거북이집
36,주출입구 접근로_경복궁,이용가능,경복궁
37,장애인 전용 주차구역_경복궁,이용가능,경복궁
38,주출입구 높이차이 제거_경복궁,이용가능,경복궁
39,주출입구 접근로_경복궁(불고기브라더스),이용불편,경복궁(불고기브라더스)
40,장애인 전용 주차구역_경복궁(불고기브라더스),이용불편,경복궁(불고기브라더스)
41,주출입구 높이차이 제거_경복궁(불고기브라더스),이용가능,경복궁(불고기브라더스)
42,주출입구 접근로_경인빌딩(엉터리생고기),이용가능,경인빌딩(엉터리생고기)
43,장애인 전용 주차구역_경인빌딩(엉터리생고기),이용가능,경인빌딩(엉터리생고기)
44,주출입구 접근로_고기굼터,이용가능,고기굼터
45,주출입구 높이차이 제거_고기굼터,이용가능,고기굼터
46,주출입구 접근로_골방집,이용가능,골방집
47,장애인 전용 주차구역_골방집,이용가능,골방집
48,주출입구 접근로_공룡고기,이용가능,공룡고기
49,장애인 전용 주차구역_공룡고기,이용가능,공룡고기
50,주출입구 높이차이 제거_공룡고기,이용불편,공룡고기
51,주출입구 접근로_공룡고기,이용불편,공룡고기
52,장애인 전용 주차구역_공룡고기,이용가능,공룡고기
53,주출입구 접근로_광양림,이용불편,광양림
54,장애인 전용 주차구역_광양림,이용불편,광양림
55,주출입구 높이차이 제거_광양림,이용불편,광양림
56,주출입구 접근로_교촌1991,이용불편,교촌1991
57,장애인 전용 주차구역_교촌1991,이용가능,교촌1991
58,주출입구 접근로_궁안뜰,이용가능,궁안뜰
59,장애인 전용 주차구역_궁안뜰,이용가능,궁안뜰
60,주출입구 접근로_근린생활시설(고갯마루한정식),이용가능,근린생활시설(고갯마루한정식)
61,주출입구 높이차이 제거_근린생활시설(고갯마루한정식),이용가능,근린생활시설(고갯마루한정식)
62,주출입구 접근로_근린생활시설(대게나라),이용불편,근린생활시설(대게나라)
63,장애인 전용 주차구역_근린생활시설(대게나라),이용가능,근린생활시설(대게나라)
64,주출입구 높이차이 제거_근린생활시설(대게나라),이용가능,근린생활시설(대게나라)
65,주출입구 접근로_근린생활시설(못된송아지),이용가능,근린생활시설(못된송아지)
66,장애인 전용 주차구역_근린생활시설(못된송아지),이용가능,근린생활시설(못된송아지)
67,주출입구 접근로_근린생활시설(배밭고을),이용가능,근린생활시설(배밭고을)
68,장애인 전용 주차구역_근린생활시설(배밭고을),이용불편,근린생활시설(배밭고을)
69,주출입구 접근로_근린생활시설(벽창우생고기전문점),이용가능,근린생활시설(벽창우생고기전문점)
70,장애인 전용 주차구역_근린생활시설(벽창우생고기전문점),이용가능,근린생활시설(벽창우생고기전문점)
71,주출입구 높이차이 제거_근린생활시설(벽창우생고기전문점),이용가능,근린생활시설(벽창우생고기전문점)
72,주출입구 접근로_근린생활시설(봉평산골메밀촌),이용가능,근린생활시설(봉평산골메밀촌)
73,장애인 전용 주차구역_근린생활시설(봉평산골메밀촌),이용가능,근린생활시설(봉평산골메밀촌)
74,주출입구 높이차이 제거_근린생활시설(봉평산골메밀촌),이용불편,근린생활시설(봉평산골메밀촌)
75,주출입구 접근로_근린생활시설(생고기전문점취어당),이용불편,근린생활시설(생고기전문점취어당)
76,장애인 전용 주차구역_근린생활시설(생고기전문점취어당),이용가능,근린생활시설(생고기전문점취어당)
77,주출입구 높이차이 제거_근린생활시설(생고기전문점취어당),이용가능,근린생활시설(생고기전문점취어당)
78,주출입구 접근로_근린생활시설(엉터리생고기),이용가능,근린생활시설(엉터리생고기)
79,장애인 전용 주차구역_근린생활시설(엉터리생고기),이용가능,근린생활시설(엉터리생고기)
80,주출입구 접근로_근린생활시설(진할매칼국수보쌈),이용가능,근린생활시설(진할매칼국수보쌈)
81,장애인 전용 주차구역_근린생활시설(진할매칼국수보쌈),이용가능,근린생활시설(진할매칼국수보쌈)
82,주출입구 높이차이 제거_근린생활시설(진할매칼국수보쌈),이용가능,근린생활시설(진할매칼국수보쌈)
83,주출입구 접근로_근린생활시설(착한고기),이용불편,근린생활시설(착한고기)
84,주출입구 높이차이 제거_근린생활시설(착한고기),이용가능,근린생활시설(착한고기)
85,주출입구 접근로_근린생활시설(천하뼈다귀감자탕),이용불편,근린생활시설(천하뼈다귀감자탕)
86,주출입구 높이차이 제거_근린생활시설(천하뼈다귀감자탕),이용가능,근린생활시설(천하뼈다귀감자탕)
87,주출입구 접근로_근린생활시설(친구네숯불닭갈비),이용불편,근린생활시설(친구네숯불닭갈비)
88,주출입구 접근로_근린생활시설(풍천민물장어),이용불편,근린생활시설(풍천민물장어)
89,장애인 전용 주차구역_근린생활시설(풍천민물장어),이용가능,근린생활시설(풍천민물장어)
90,주출입구 높이차이 제거_근린생활시설(풍천민물장어),이용가능,근린생활시설(풍천민물장어)
91,주출입구 접근로_근린생활시설(화통구이),이용불편,근린생활시설(화통구이)
92,장애인 전용 주차구역_근린생활시설(화통구이),이용가능,근린생활시설(화통구이)
93,주출입구 접근로_근린생활시설(황금오리농원),이용불편,근린생활시설(황금오리농원)
94,주출입구 높이차이 제거_근린생활시설(황금오리농원),이용불편,근린생활시설(황금오리농원)
95,주출입구 접근로_금수복국,이용가능,금수복국
96,장애인 전용 주차구역_금수복국,이용가능,금수복국
97,주출입구 높이차이 제거_금수복국,이용가능,금수복국
98,주출입구 접근로_금수복국,이용가능,금수복국
99,장애인 전용 주차구역_금수복국,이용가능,금수복국
100,주출입구 높이차이 제거_금수복국,이용가능,금수복국
101,주출입구 접근로_나주곰탕,이용가능,나주곰탕
102,장애인 전용 주차구역_나주곰탕,이용가능,나주곰탕
103,주출입구 접근로_남원추어탕,이용가능,남원추어탕
104,장애인 전용 주차구역_남원추어탕,이용가능,남원추어탕
105,주출입구 접근로_논골집,이용가능,논골집
106,장애인 전용 주차구역_논골집,이용가능,논골집
107,주출입구 접근로_놀부 유황오리 진흙구이 청담점(청담솔 빌딩),이용가능,놀부 유황오리 진흙구이 청담점(청담솔 빌딩)
108,장애인 전용 주차구역_놀부 유황오리 진흙구이 청담점(청담솔 빌딩),이용불편,놀부 유황오리 진흙구이 청담점(청담솔 빌딩)
109,주출입구 높이차이 제거_놀부 유황오리 진흙구이 청담점(청담솔 빌딩),이용가능,놀부 유황오리 진흙구이 청담점(청담솔 빌딩)
110,주출입구 접근로_놀부부대찌게&철판구이,이용불편,놀부부대찌게&철판구이
111,장애인 전용 주차구역_놀부부대찌게&철판구이,이용가능,놀부부대찌게&철판구이
112,주출입구 높이차이 제거_놀부부대찌게&철판구이,이용가능,놀부부대찌게&철판구이
113,주출입구 접근로_달인갈매기(광명빌딩),이용가능,달인갈매기(광명빌딩)
114,장애인 전용 주차구역_달인갈매기(광명빌딩),이용가능,달인갈매기(광명빌딩)
115,주출입구 높이차이 제거_달인갈매기(광명빌딩),이용가능,달인갈매기(광명빌딩)
116,주출입구 접근로_대가순대국,이용가능,대가순대국
117,장애인 전용 주차구역_대가순대국,이용가능,대가순대국
118,주출입구 접근로_대문한정식,이용가능,대문한정식
119,장애인 전용 주차구역_대문한정식,이용가능,대문한정식
120,주출입구 높이차이 제거_대박고기집(등마루오리한마당),이용가능,대박고기집(등마루오리한마당)
121,주출입구 접근로_대원,이용가능,대원
122,주출입구 높이차이 제거_대원,이용가능,대원
123,주출입구 접근로_대원정,이용가능,대원정
124,장애인 전용 주차구역_대원정,이용가능,대원정
125,주출입구 접근로_대창타운빌,이용가능,대창타운빌
126,장애인 전용 주차구역_대창타운빌,이용불편,대창타운빌
127,주출입구 높이차이 제거_대창타운빌,이용가능,대창타운빌
128,주출입구 접근로_도봉산갈비,이용불편,도봉산갈비
129,장애인 전용 주차구역_도봉산갈비,이용가능,도봉산갈비
130,주출입구 높이차이 제거_도봉산갈비,이용가능,도봉산갈비
131,장애인 전용 주차구역_돈촌삼겹살,이용가능,돈촌삼겹살
132,주출입구 접근로_동구밖 장작구이(단군의땅),이용가능,동구밖 장작구이(단군의땅)
133,장애인 전용 주차구역_동구밖 장작구이(단군의땅),이용가능,동구밖 장작구이(단군의땅)
134,주출입구 접근로_동굴과 화로구이(뉴명성),이용불편,동굴과 화로구이(뉴명성)
135,장애인 전용 주차구역_동굴과 화로구이(뉴명성),이용가능,동굴과 화로구이(뉴명성)
136,주출입구 높이차이 제거_동굴과 화로구이(뉴명성),이용불편,동굴과 화로구이(뉴명성)
137,주출입구 접근로_둘레길주막미담,이용가능,둘레길주막미담
138,장애인 전용 주차구역_둘레길주막미담,이용가능,둘레길주막미담
139,주출입구 높이차이 제거_둘레길주막미담,이용가능,둘레길주막미담
140,주출입구 접근로_뚝심,이용가능,뚝심
141,장애인 전용 주차구역_뚝심,이용가능,뚝심
142,주출입구 높이차이 제거_뚝심,이용가능,뚝심
143,장애인 전용 주차구역_마루갈비,이용가능,마루갈비
144,주출입구 접근로_만가화로구이,이용불편,만가화로구이
145,장애인 전용 주차구역_만가화로구이,이용가능,만가화로구이
146,주출입구 높이차이 제거_만가화로구이,이용불편,만가화로구이
147,주출입구 접근로_만석장,이용불편,만석장
148,장애인 전용 주차구역_만석장,이용가능,만석장
149,주출입구 높이차이 제거_만석장,이용가능,만석장
150,주출입구 접근로_맛있는고기구워먹는곳,이용가능,맛있는고기구워먹는곳
151,장애인 전용 주차구역_맛있는고기구워먹는곳,이용가능,맛있는고기구워먹는곳
152,"주출입구 접근로_명가낙지마당(지하1,지상1층)",이용가능,"명가낙지마당(지하1,지상1층)"
153,"주출입구 높이차이 제거_명가낙지마당(지하1,지상1층)",이용가능,"명가낙지마당(지하1,지상1층)"
154,주출입구 접근로_명가설렁탕,이용불편,명가설렁탕
155,장애인 전용 주차구역_명가설렁탕,이용가능,명가설렁탕
156,주출입구 높이차이 제거_명가설렁탕,이용가능,명가설렁탕
157,장애인용 관람석_명가설렁탕,이용가능,명가설렁탕
158,주출입구 접근로_명문의집,이용불편,명문의집
159,장애인 전용 주차구역_명문의집,이용가능,명문의집
160,주출입구 높이차이 제거_명문의집,이용가능,명문의집
161,장애인용 관람석_명문의집,이용가능,명문의집
162,주출입구 접근로_몽골찬한우,이용불편,몽골찬한우
163,장애인 전용 주차구역_몽골찬한우,이용가능,몽골찬한우
164,주출입구 높이차이 제거_몽골찬한우,이용가능,몽골찬한우
165,주출입구 접근로_무봉리토종순대국,이용가능,무봉리토종순대국
166,주출입구 높이차이 제거_무봉리토종순대국,이용가능,무봉리토종순대국
167,주출입구 접근로_미가할매,이용가능,미가할매
168,주출입구 높이차이 제거_미가할매,이용가능,미가할매
169,장애인용 승강기_미가할매,이용가능,미가할매
170,주출입구 접근로_미담,이용가능,미담
171,주출입구 높이차이 제거_미담,이용가능,미담
172,장애인용 승강기_미담,이용가능,미담
173,장애인 전용 주차구역_미락(신성빌딩),이용가능,미락(신성빌딩)
174,주출입구 접근로_민속촌(용강빌딩),이용가능,민속촌(용강빌딩)
175,주출입구 높이차이 제거_민속촌(용강빌딩),이용불편,민속촌(용강빌딩)
176,주출입구 접근로_바달비,이용가능,바달비
177,주출입구 높이차이 제거_바달비,이용가능,바달비
178,주출입구 접근로_박미선 별난갈비,이용가능,박미선 별난갈비
179,장애인 전용 주차구역_박미선 별난갈비,이용불편,박미선 별난갈비
180,주출입구 높이차이 제거_박미선 별난갈비,이용불편,박미선 별난갈비
181,주출입구 접근로_벽제갈비,이용가능,벽제갈비
182,장애인 전용 주차구역_벽제갈비,이용가능,벽제갈비
183,주출입구 높이차이 제거_벽제갈비,이용가능,벽제갈비
184,주출입구 접근로_별당보리밥,이용가능,별당보리밥
185,장애인 전용 주차구역_별당보리밥,이용가능,별당보리밥
186,주출입구 접근로_보름달,이용가능,보름달
187,주출입구 높이차이 제거_보름달,이용가능,보름달
188,주출입구 접근로_보성식당,이용가능,보성식당
189,장애인 전용 주차구역_보성식당,이용가능,보성식당
190,주출입구 접근로_본가,이용불편,본가
191,장애인 전용 주차구역_본가,이용가능,본가
192,주출입구 높이차이 제거_본가,이용가능,본가
193,주출입구 접근로_본돈,이용가능,본돈
194,장애인 전용 주차구역_본돈,이용가능,본돈
195,주출입구 접근로_봉산집,이용가능,봉산집
196,장애인 전용 주차구역_봉산집,이용가능,봉산집
197,주출입구 높이차이 제거_봉산집,이용가능,봉산집
198,주출입구 접근로_봉우리,이용가능,봉우리
199,장애인 전용 주차구역_봉우리,이용가능,봉우리
200,주출입구 높이차이 제거_봉우리,이용가능,봉우리
201,주출입구 접근로_봉추찜닭(신사빌딩),이용가능,봉추찜닭(신사빌딩)
202,장애인 전용 주차구역_봉추찜닭(신사빌딩),이용가능,봉추찜닭(신사빌딩)
203,주출입구 높이차이 제거_봉추찜닭(신사빌딩),이용가능,봉추찜닭(신사빌딩)
204,주출입구 접근로_봉피양마포점(오늘도안동한우),이용불편,봉피양마포점(오늘도안동한우)
205,장애인 전용 주차구역_봉피양마포점(오늘도안동한우),이용가능,봉피양마포점(오늘도안동한우)
206,주출입구 높이차이 제거_봉피양마포점(오늘도안동한우),이용가능,봉피양마포점(오늘도안동한우)
207,장애인 전용 주차구역_불고기 브라더스 서교점,이용불편,불고기 브라더스 서교점
208,주출입구 높이차이 제거_불고기 브라더스 서교점,이용가능,불고기 브라더스 서교점
209,주출입구 접근로_빵경이네 도야지,이용가능,빵경이네 도야지
210,장애인 전용 주차구역_빵경이네 도야지,이용가능,빵경이네 도야지
211,주출입구 높이차이 제거_빵경이네 도야지,이용가능,빵경이네 도야지
212,주출입구 접근로_산봉냉면,이용가능,산봉냉면
213,장애인 전용 주차구역_산봉냉면,이용가능,산봉냉면
214,주출입구 접근로_산화로구이,이용가능,산화로구이
215,주출입구 높이차이 제거_산화로구이,이용불편,산화로구이
216,주출입구 접근로_삼수갑산,이용가능,삼수갑산
217,장애인 전용 주차구역_삼수갑산,이용가능,삼수갑산
218,주출입구 높이차이 제거_삼수갑산,이용가능,삼수갑산
219,주출입구 접근로_삼호복집,이용가능,삼호복집
220,장애인 전용 주차구역_삼호복집,이용가능,삼호복집
221,주출입구 높이차이 제거_삼호복집,이용불편,삼호복집
222,주출입구 접근로_상도갈비,이용가능,상도갈비
223,장애인 전용 주차구역_상도갈비,이용가능,상도갈비
224,주출입구 높이차이 제거_상도갈비,이용가능,상도갈비
225,주출입구 접근로_새마을식당,이용불편,새마을식당
226,장애인 전용 주차구역_새마을식당,이용가능,새마을식당
227,주출입구 높이차이 제거_새마을식당,이용가능,새마을식당
228,주출입구 접근로_새마을식당(덕당빌딩),이용가능,새마을식당(덕당빌딩)
229,주출입구 접근로_서귀포뚝배기,이용가능,서귀포뚝배기
230,장애인 전용 주차구역_서귀포뚝배기,이용가능,서귀포뚝배기
231,주출입구 접근로_서울인삼토계촌(일반음식점),이용가능,서울인삼토계촌(일반음식점)
232,장애인 전용 주차구역_서울인삼토계촌(일반음식점),이용가능,서울인삼토계촌(일반음식점)
233,주출입구 높이차이 제거_서울인삼토계촌(일반음식점),이용가능,서울인삼토계촌(일반음식점)
234,주출입구 접근로_서울집,이용가능,서울집
235,장애인 전용 주차구역_서울집,이용가능,서울집
236,주출입구 접근로_서초동이남장,이용가능,서초동이남장
237,장애인 전용 주차구역_서초동이남장,이용가능,서초동이남장
238,주출입구 접근로_세종대왕숯불갈비,이용가능,세종대왕숯불갈비
239,장애인 전용 주차구역_세종대왕숯불갈비,이용가능,세종대왕숯불갈비
240,주출입구 접근로_소담설농탕,이용불편,소담설농탕
241,주출입구 접근로_손문 대구막창 갈매기살,이용가능,손문 대구막창 갈매기살
242,장애인 전용 주차구역_손문 대구막창 갈매기살,이용가능,손문 대구막창 갈매기살
243,주출입구 높이차이 제거_손문 대구막창 갈매기살,이용가능,손문 대구막창 갈매기살
244,주출입구 접근로_손수헌(한식레스토랑),이용가능,손수헌(한식레스토랑)
245,장애인 전용 주차구역_손수헌(한식레스토랑),이용가능,손수헌(한식레스토랑)
246,주출입구 높이차이 제거_손수헌(한식레스토랑),이용가능,손수헌(한식레스토랑)
247,주출입구 접근로_송가네(일반음식점),이용가능,송가네(일반음식점)
248,장애인 전용 주차구역_송가네(일반음식점),이용가능,송가네(일반음식점)
249,주출입구 높이차이 제거_송가네(일반음식점),이용가능,송가네(일반음식점)
250,주출입구 접근로_송림가든,이용불편,송림가든
251,장애인 전용 주차구역_송림가든,이용불편,송림가든
252,주출입구 높이차이 제거_송림가든,이용불편,송림가든
253,주출입구 접근로_수라간,이용가능,수라간
254,주출입구 높이차이 제거_수라간,이용불편,수라간
255,주출입구 접근로_수원갈비,이용불편,수원갈비
256,주출입구 높이차이 제거_수원갈비,이용불편,수원갈비
257,주출입구 접근로_수원왕갈비,이용불편,수원왕갈비
258,장애인 전용 주차구역_수원왕갈비,이용가능,수원왕갈비
259,주출입구 높이차이 제거_수원왕갈비,이용가능,수원왕갈비
260,주출입구 접근로_수정궁(갈비탕 전문점),이용가능,수정궁(갈비탕 전문점)
261,장애인 전용 주차구역_수정궁(갈비탕 전문점),이용가능,수정궁(갈비탕 전문점)
262,주출입구 높이차이 제거_수정궁(갈비탕 전문점),이용가능,수정궁(갈비탕 전문점)
263,주출입구 접근로_순흥골돼지갈비전문점,이용불편,순흥골돼지갈비전문점
264,장애인 전용 주차구역_순흥골돼지갈비전문점,이용가능,순흥골돼지갈비전문점
265,주출입구 접근로_쉐프케이엔알(송은아트 스페이스),이용가능,쉐프케이엔알(송은아트 스페이스)
266,장애인 전용 주차구역_쉐프케이엔알(송은아트 스페이스),이용가능,쉐프케이엔알(송은아트 스페이스)
267,주출입구 높이차이 제거_쉐프케이엔알(송은아트 스페이스),이용가능,쉐프케이엔알(송은아트 스페이스)
268,주출입구 접근로_시화담,이용가능,시화담
269,장애인 전용 주차구역_시화담,이용가능,시화담
270,"주출입구 접근로_신라비빔밥,샤브칼국수",이용가능,"신라비빔밥,샤브칼국수"
271,"장애인 전용 주차구역_신라비빔밥,샤브칼국수",이용가능,"신라비빔밥,샤브칼국수"
272,주출입구 접근로_신사면옥,이용가능,신사면옥
273,장애인 전용 주차구역_신사면옥,이용가능,신사면옥
274,주출입구 높이차이 제거_신사면옥,이용가능,신사면옥
275,주출입구 접근로_신의주 찰쌀 순대(호텔 칸),이용가능,신의주 찰쌀 순대(호텔 칸)
276,장애인 전용 주차구역_신의주 찰쌀 순대(호텔 칸),이용가능,신의주 찰쌀 순대(호텔 칸)
277,주출입구 높이차이 제거_신의주 찰쌀 순대(호텔 칸),이용가능,신의주 찰쌀 순대(호텔 칸)
278,주출입구 접근로_신토오리,이용가능,신토오리
279,장애인 전용 주차구역_신토오리,이용가능,신토오리
280,주출입구 접근로_아미소,이용가능,아미소
281,주출입구 높이차이 제거_아미소,이용불편,아미소
282,주출입구 접근로_안동찜닭,이용가능,안동찜닭
283,주출입구 접근로_안창골오리농원신내점,이용가능,안창골오리농원신내점
284,장애인 전용 주차구역_안창골오리농원신내점,이용가능,안창골오리농원신내점
285,주출입구 높이차이 제거_안창골오리농원신내점,이용가능,안창골오리농원신내점
286,장애인 전용 주차구역_양대박,이용가능,양대박
287,주출입구 접근로_양주골오리마을,이용가능,양주골오리마을
288,장애인 전용 주차구역_양주골오리마을,이용가능,양주골오리마을
289,주출입구 높이차이 제거_양주골오리마을,이용가능,양주골오리마을
290,주출입구 접근로_양지촌,이용가능,양지촌
291,장애인 전용 주차구역_양지촌,이용가능,양지촌
292,주출입구 높이차이 제거_양지촌,이용가능,양지촌
293,주출입구 접근로_양촌리,이용불편,양촌리
294,장애인 전용 주차구역_양촌리,이용가능,양촌리
295,주출입구 높이차이 제거_양촌리,이용불편,양촌리
296,주출입구 접근로_양촌리,이용가능,양촌리
297,장애인 전용 주차구역_양촌리,이용가능,양촌리
298,주출입구 높이차이 제거_양촌리,이용가능,양촌리
299,주출입구 접근로_양촌리 화로 숯불구이,이용가능,양촌리 화로 숯불구이
300,장애인 전용 주차구역_양촌리 화로 숯불구이,이용가능,양촌리 화로 숯불구이
301,주출입구 높이차이 제거_양촌리 화로 숯불구이,이용가능,양촌리 화로 숯불구이
302,주출입구 접근로_역삼버드나무 집,이용가능,역삼버드나무 집
303,장애인 전용 주차구역_역삼버드나무 집,이용가능,역삼버드나무 집
304,주출입구 높이차이 제거_역삼버드나무 집,이용가능,역삼버드나무 집
305,주출입구 접근로_연신내부대찌개,이용가능,연신내부대찌개
306,장애인 전용 주차구역_연신내부대찌개,이용가능,연신내부대찌개
307,주출입구 접근로_연안본가,이용가능,연안본가
308,장애인 전용 주차구역_연안본가,이용가능,연안본가
309,주출입구 접근로_연일선지해장국,이용불편,연일선지해장국
310,주출입구 높이차이 제거_연일선지해장국,이용가능,연일선지해장국
311,주출입구 접근로_영천 영화 고기집(상민빌딩),이용가능,영천 영화 고기집(상민빌딩)
312,장애인 전용 주차구역_영천 영화 고기집(상민빌딩),이용불편,영천 영화 고기집(상민빌딩)
313,주출입구 높이차이 제거_영천 영화 고기집(상민빌딩),이용가능,영천 영화 고기집(상민빌딩)
314,주출입구 접근로_예소원,이용가능,예소원
315,장애인 전용 주차구역_예소원,이용가능,예소원
316,주출입구 접근로_예향,이용가능,예향
317,주출입구 접근로_옛골토성,이용불편,옛골토성
318,장애인 전용 주차구역_옛골토성,이용가능,옛골토성
319,주출입구 높이차이 제거_옛골토성,이용가능,옛골토성
320,주출입구 접근로_옛골토성,이용불편,옛골토성
321,장애인 전용 주차구역_옛골토성,이용가능,옛골토성
322,주출입구 높이차이 제거_옛골토성,이용불편,옛골토성
323,주출입구 접근로_옛골토성,이용불편,옛골토성
324,장애인 전용 주차구역_옛골토성,이용가능,옛골토성
325,주출입구 높이차이 제거_옛골토성,이용불편,옛골토성
326,주출입구 접근로_옛골토성상봉점,이용불편,옛골토성상봉점
327,장애인 전용 주차구역_옛골토성상봉점,이용가능,옛골토성상봉점
328,주출입구 높이차이 제거_옛골토성상봉점,이용가능,옛골토성상봉점
329,주출입구 접근로_오리킹,이용불편,오리킹
330,장애인 전용 주차구역_오리킹,이용가능,오리킹
331,주출입구 높이차이 제거_오리킹,이용가능,오리킹
332,주출입구 접근로_오발탄,이용가능,오발탄
333,장애인 전용 주차구역_오발탄,이용가능,오발탄
334,주출입구 높이차이 제거_오발탄,이용불편,오발탄
335,주출입구 접근로_오발탄,이용가능,오발탄
336,주출입구 높이차이 제거_오발탄,이용가능,오발탄
337,주출입구 접근로_오발탄,이용가능,오발탄
338,주출입구 높이차이 제거_오발탄,이용가능,오발탄
339,주출입구 접근로_오삼 부대찌개(상류사회빌딩),이용가능,오삼 부대찌개(상류사회빌딩)
340,장애인 전용 주차구역_오삼 부대찌개(상류사회빌딩),이용가능,오삼 부대찌개(상류사회빌딩)
341,주출입구 높이차이 제거_오삼 부대찌개(상류사회빌딩),이용가능,오삼 부대찌개(상류사회빌딩)
342,주출입구 접근로_옥토빌딩<일반음식점>-다미식당,이용가능,옥토빌딩<일반음식점>-다미식당
343,장애인 전용 주차구역_옥토빌딩<일반음식점>-다미식당,이용가능,옥토빌딩<일반음식점>-다미식당
344,주출입구 높이차이 제거_옥토빌딩<일반음식점>-다미식당,이용가능,옥토빌딩<일반음식점>-다미식당
345,주출입구 높이차이 제거_온누림,이용불편,온누림
346,주출입구 접근로_왕돌구이집,이용가능,왕돌구이집
347,장애인 전용 주차구역_왕돌구이집,이용가능,왕돌구이집
348,주출입구 높이차이 제거_왕돌구이집,이용가능,왕돌구이집
349,주출입구 접근로_왕초한우건물,이용가능,왕초한우건물
350,장애인 전용 주차구역_왕초한우건물,이용가능,왕초한우건물
351,주출입구 접근로_원조 현풍 할매집 곰탕,이용가능,원조 현풍 할매집 곰탕
352,장애인 전용 주차구역_원조 현풍 할매집 곰탕,이용가능,원조 현풍 할매집 곰탕
353,주출입구 접근로_육 칠 팔,이용가능,육 칠 팔
354,장애인 전용 주차구역_육 칠 팔,이용가능,육 칠 팔
355,주출입구 높이차이 제거_육 칠 팔,이용가능,육 칠 팔
356,주출입구 접근로_이조화로구이,이용불편,이조화로구이
357,장애인 전용 주차구역_이조화로구이,이용불편,이조화로구이
358,주출입구 높이차이 제거_이조화로구이,이용가능,이조화로구이
359,주출입구 접근로_이하정 간장게장 서울본점,이용가능,이하정 간장게장 서울본점
360,장애인 전용 주차구역_이하정 간장게장 서울본점,이용가능,이하정 간장게장 서울본점
361,주출입구 높이차이 제거_이하정 간장게장 서울본점,이용가능,이하정 간장게장 서울본점
362,장애인용 관람석_이하정 간장게장 서울본점,이용가능,이하정 간장게장 서울본점
363,주출입구 접근로_일반음식점(나주곰탕),이용가능,일반음식점(나주곰탕)
364,장애인 전용 주차구역_일반음식점(나주곰탕),이용가능,일반음식점(나주곰탕)
365,주출입구 높이차이 제거_일반음식점(나주곰탕),이용불편,일반음식점(나주곰탕)
366,주출입구 접근로_일킬로칼국수,이용불편,일킬로칼국수
367,장애인 전용 주차구역_일킬로칼국수,이용가능,일킬로칼국수
368,주출입구 접근로_일품신토오리,이용가능,일품신토오리
369,장애인 전용 주차구역_일품신토오리,이용가능,일품신토오리
370,주출입구 높이차이 제거_일품신토오리,이용가능,일품신토오리
371,주출입구 접근로_일품신토오리,이용불편,일품신토오리
372,장애인 전용 주차구역_일품신토오리,이용불편,일품신토오리
373,주출입구 접근로_일품신토오리,이용불편,일품신토오리
374,장애인 전용 주차구역_일품신토오리,이용불편,일품신토오리
375,주출입구 접근로_임고집한우,이용가능,임고집한우
376,주출입구 접근로_자연한그릇,이용불편,자연한그릇
377,장애인 전용 주차구역_자연한그릇,이용불편,자연한그릇
378,주출입구 높이차이 제거_자연한그릇,이용불편,자연한그릇
379,장애인 전용 주차구역_자하문정식,이용불편,자하문정식
380,주출입구 높이차이 제거_자하문정식,이용불편,자하문정식
381,주출입구 접근로_장터순대국,이용불편,장터순대국
382,장애인 전용 주차구역_장터순대국,이용가능,장터순대국
383,주출입구 높이차이 제거_장터순대국,이용불편,장터순대국
384,주출입구 접근로_장풍(성원빌딩),이용가능,장풍(성원빌딩)
385,장애인 전용 주차구역_장풍(성원빌딩),이용가능,장풍(성원빌딩)
386,주출입구 접근로_전원일기,이용불편,전원일기
387,장애인 전용 주차구역_전원일기,이용가능,전원일기
388,주출입구 높이차이 제거_전원일기,이용가능,전원일기
389,주출입구 높이차이 제거_전원일기(전원도시),이용불편,전원일기(전원도시)
390,주출입구 접근로_정감어린,이용가능,정감어린
391,장애인 전용 주차구역_정감어린,이용가능,정감어린
392,주출입구 높이차이 제거_정감어린,이용가능,정감어린
393,주출입구 접근로_정선참숯골,이용가능,정선참숯골
394,주출입구 접근로_정원순두부,이용가능,정원순두부
395,주출입구 높이차이 제거_정원순두부,이용불편,정원순두부
396,주출입구 접근로_정통복국(청운빌딩),이용가능,정통복국(청운빌딩)
397,장애인 전용 주차구역_정통복국(청운빌딩),이용가능,정통복국(청운빌딩)
398,주출입구 접근로_진대감,이용가능,진대감
399,장애인 전용 주차구역_진대감,이용가능,진대감
400,주출입구 높이차이 제거_진대감,이용가능,진대감
401,주출입구 접근로_찰진고기(그랑프리 빌딩),이용가능,찰진고기(그랑프리 빌딩)
402,장애인 전용 주차구역_찰진고기(그랑프리 빌딩),이용가능,찰진고기(그랑프리 빌딩)
403,주출입구 높이차이 제거_찰진고기(그랑프리 빌딩),이용가능,찰진고기(그랑프리 빌딩)
404,주출입구 접근로_참숯과화로구이,이용불편,참숯과화로구이
405,장애인 전용 주차구역_참숯과화로구이,이용불편,참숯과화로구이
406,주출입구 높이차이 제거_참숯과화로구이,이용불편,참숯과화로구이
407,주출입구 접근로_천둥소리,이용가능,천둥소리
408,장애인 전용 주차구역_천둥소리,이용가능,천둥소리
409,주출입구 접근로_천수만,이용불편,천수만
410,장애인 전용 주차구역_천수만,이용가능,천수만
411,주출입구 높이차이 제거_천수만,이용가능,천수만
412,주출입구 접근로_천하무적,이용불편,천하무적
413,장애인 전용 주차구역_천하무적,이용가능,천하무적
414,주출입구 높이차이 제거_천하무적,이용가능,천하무적
415,주출입구 접근로_청송면옥,이용불편,청송면옥
416,주출입구 접근로_초동집,이용가능,초동집
417,장애인 전용 주차구역_초동집,이용가능,초동집
418,주출입구 높이차이 제거_초동집,이용가능,초동집
419,주출입구 접근로_최고집칼국수,이용불편,최고집칼국수
420,주출입구 접근로_춘천본점닭갈비,이용가능,춘천본점닭갈비
421,장애인 전용 주차구역_춘천본점닭갈비,이용가능,춘천본점닭갈비
422,주출입구 접근로_코다리냉면,이용가능,코다리냉면
423,장애인 전용 주차구역_코다리냉면,이용가능,코다리냉면
424,주출입구 높이차이 제거_코다리냉면,이용가능,코다리냉면
425,장애인용 관람석_코다리냉면,이용가능,코다리냉면
426,주출입구 접근로_코다리냉면,이용가능,코다리냉면
427,장애인 전용 주차구역_코다리냉면,이용가능,코다리냉면
428,주출입구 높이차이 제거_코다리냉면,이용가능,코다리냉면
429,주출입구 접근로_코리아하우스(아름다운빌딩),이용가능,코리아하우스(아름다운빌딩)
430,장애인 전용 주차구역_코리아하우스(아름다운빌딩),이용가능,코리아하우스(아름다운빌딩)
431,장애인 전용 주차구역_코리안덕,이용가능,코리안덕
432,장애인 전용 주차구역_코스모,이용불편,코스모
433,주출입구 접근로_콩심은데 콩나고,이용가능,콩심은데 콩나고
434,장애인 전용 주차구역_콩심은데 콩나고,이용가능,콩심은데 콩나고
435,주출입구 접근로_큰대문집,이용가능,큰대문집
436,장애인 전용 주차구역_큰대문집,이용가능,큰대문집
437,주출입구 높이차이 제거_큰대문집,이용가능,큰대문집
438,주출입구 접근로_태능가든,이용불편,태능가든
439,장애인 전용 주차구역_태능가든,이용가능,태능가든
440,주출입구 높이차이 제거_태능가든,이용가능,태능가든
441,주출입구 접근로_태릉숯불갈비,이용가능,태릉숯불갈비
442,장애인 전용 주차구역_태릉숯불갈비,이용가능,태릉숯불갈비
443,주출입구 접근로_태평(한식집),이용가능,태평(한식집)
444,장애인 전용 주차구역_태평(한식집),이용가능,태평(한식집)
445,주출입구 접근로_통일동산두부마을,이용불편,통일동산두부마을
446,장애인 전용 주차구역_통일동산두부마을,이용가능,통일동산두부마을
447,주출입구 접근로_퍼쥬망 왕갈비전문점,이용가능,퍼쥬망 왕갈비전문점
448,장애인 전용 주차구역_퍼쥬망 왕갈비전문점,이용가능,퍼쥬망 왕갈비전문점
449,주출입구 높이차이 제거_퍼쥬망 왕갈비전문점,이용가능,퍼쥬망 왕갈비전문점
450,주출입구 접근로_평양면옥,이용가능,평양면옥
451,장애인 전용 주차구역_평양면옥,이용가능,평양면옥
452,주출입구 높이차이 제거_평양면옥,이용가능,평양면옥
453,주출입구 접근로_평양초계탕,이용가능,평양초계탕
454,장애인 전용 주차구역_평양초계탕,이용가능,평양초계탕
455,주출입구 높이차이 제거_평양초계탕,이용가능,평양초계탕
456,주출입구 접근로_하누소,이용가능,하누소
457,장애인 전용 주차구역_하누소,이용가능,하누소
458,주출입구 높이차이 제거_하누소,이용가능,하누소
459,장애인용 승강기_하누소,이용가능,하누소
460,주출입구 접근로_한국의집,이용가능,한국의집
461,장애인 전용 주차구역_한국의집,이용불편,한국의집
462,주출입구 높이차이 제거_한국의집,이용가능,한국의집
463,장애인용 승강기_한국의집,이용가능,한국의집
464,장애인용 화장실_한국의집,이용불편,한국의집
465,장애인용 관람석_한국의집,이용가능,한국의집
466,주출입구 접근로_한마당 본점,이용가능,한마당 본점
467,장애인 전용 주차구역_한마당 본점,이용가능,한마당 본점
468,주출입구 접근로_한우식당 마블스,이용불편,한우식당 마블스
469,주출입구 높이차이 제거_한우식당 마블스,이용불편,한우식당 마블스
470,주출입구 접근로_한우정육식당(부경빌딩),이용가능,한우정육식당(부경빌딩)
471,장애인 전용 주차구역_한우정육식당(부경빌딩),이용가능,한우정육식당(부경빌딩)
472,주출입구 높이차이 제거_한우정육식당(부경빌딩),이용가능,한우정육식당(부경빌딩)
473,주출입구 접근로_한일관,이용가능,한일관
474,장애인 전용 주차구역_한일관,이용가능,한일관
475,주출입구 높이차이 제거_한일관,이용가능,한일관
476,주출입구 접근로_해주곰탕,이용가능,해주곰탕
477,장애인 전용 주차구역_해주곰탕,이용가능,해주곰탕
478,주출입구 높이차이 제거_해주곰탕,이용가능,해주곰탕
479,주출입구 접근로_행복가,이용가능,행복가
480,주출입구 높이차이 제거_행복가,이용불편,행복가
481,주출입구 접근로_형제갈비,이용불편,형제갈비
482,주출입구 접근로_호텔 프리마 (주)풍류관,이용가능,호텔 프리마 (주)풍류관
483,장애인 전용 주차구역_호텔 프리마 (주)풍류관,이용가능,호텔 프리마 (주)풍류관
484,주출입구 높이차이 제거_호텔 프리마 (주)풍류관,이용가능,호텔 프리마 (주)풍류관
485,장애인 전용 주차구역_홍천한우,이용가능,홍천한우
486,주출입구 접근로_화로 숫불 종로갈비(J빌딩),이용가능,화로 숫불 종로갈비(J빌딩)
487,장애인 전용 주차구역_화로 숫불 종로갈비(J빌딩),이용가능,화로 숫불 종로갈비(J빌딩)
488,주출입구 접근로_화로구이,이용가능,화로구이
489,장애인 전용 주차구역_화로구이,이용가능,화로구이
490,주출입구 높이차이 제거_화로구이,이용가능,화로구이
491,주출입구 접근로_화로구이,이용가능,화로구이
492,주출입구 높이차이 제거_화로구이,이용가능,화로구이
493,주출입구 접근로_화로구이,이용가능,화로구이
494,주출입구 높이차이 제거_화로구이,이용가능,화로구이
495,주출입구 접근로_화로촌,이용불편,화로촌
496,주출입구 접근로_화사랑화로구이,이용불편,화사랑화로구이
497,장애인 전용 주차구역_화사랑화로구이,이용가능,화사랑화로구이
498,주출입구 높이차이 제거_화사랑화로구이,이용가능,화사랑화로구이
499,주출입구 접근로_활화산조개구이,이용가능,활화산조개구이
500,장애인 전용 주차구역_활화산조개구이,이용가능,활화산조개구이
501,주출입구 접근로_황실떡,이용가능,황실떡
502,장애인 전용 주차구역_황실떡,이용가능,황실떡
503,주출입구 접근로_황토궁,이용가능,황토궁
504,장애인 전용 주차구역_황토궁,이용가능,황토궁
505,주출입구 높이차이 제거_황토궁,이용가능,황토궁
506,주출입구 접근로_회령쌈밥,이용가능,회령쌈밥
507,장애인 전용 주차구역_회령쌈밥,이용가능,회령쌈밥
508,주출입구 높이차이 제거_회령쌈밥,이용불편,회령쌈밥
509,주출입구 접근로_휘모리,이용가능,휘모리
510,주출입구 높이차이 제거_휘모리,이용가능,휘모리
511,주출입구 높이차이 제거_흑돈가,이용불편,흑돈가
512,주출입구 접근로_흑돈가,이용불편,흑돈가
513,장애인 전용 주차구역_흑돈가,이용가능,흑돈가
514,주출입구 높이차이 제거_흑돈가,이용가능,흑돈가
515,주출입구 접근로_흥부골 님원 추어탕(레보빌),이용가능,흥부골 님원 추어탕(레보빌)
516,주출입구 높이차이 제거_흥부골 님원 추어탕(레보빌),이용가능,흥부골 님원 추어탕(레보빌)
517,주출입구 접근로_ZINO,이용가능,ZINO
518,장애인 전용 주차구역_ZINO,이용가능,ZINO
519,주출입구 접근로_고릴라 인더 키친(연우빌딩),이용가능,고릴라 인더 키친(연우빌딩)
520,장애인 전용 주차구역_고릴라 인더 키친(연우빌딩),이용가능,고릴라 인더 키친(연우빌딩)
521,주출입구 높이차이 제거_고릴라 인더 키친(연우빌딩),이용가능,고릴라 인더 키친(연우빌딩)
522,주출입구 접근로_그라노 더 그릴(히든하우스),이용가능,그라노 더 그릴(히든하우스)
523,장애인 전용 주차구역_그라노 더 그릴(히든하우스),이용가능,그라노 더 그릴(히든하우스)
524,주출입구 높이차이 제거_그라노 더 그릴(히든하우스),이용가능,그라노 더 그릴(히든하우스)
525,주출입구 접근로_돈까스클럽,이용불편,돈까스클럽
526,주출입구 접근로_뚜레쥬르 <제과점>,이용가능,뚜레쥬르 <제과점>
527,장애인 전용 주차구역_뚜레쥬르 <제과점>,이용불편,뚜레쥬르 <제과점>
528,주출입구 높이차이 제거_뚜레쥬르 <제과점>,이용불편,뚜레쥬르 <제과점>
529,주출입구 접근로_롯데리아,이용가능,롯데리아
530,장애인 전용 주차구역_롯데리아,이용가능,롯데리아
531,주출입구 높이차이 제거_롯데리아,이용불편,롯데리아
532,주출입구 접근로_롯데리아,이용가능,롯데리아
533,장애인 전용 주차구역_롯데리아,이용불편,롯데리아
534,주출입구 접근로_미스터피자,이용가능,미스터피자
535,장애인 전용 주차구역_미스터피자,이용가능,미스터피자
536,주출입구 높이차이 제거_미스터피자,이용가능,미스터피자
537,장애인 전용 주차구역_미스터피자,이용가능,미스터피자
538,주출입구 높이차이 제거_미스터피자,이용가능,미스터피자
539,주출입구 접근로_미스터피자 양재점(크리스탈빌딩),이용가능,미스터피자 양재점(크리스탈빌딩)
540,장애인 전용 주차구역_미스터피자 양재점(크리스탈빌딩),이용가능,미스터피자 양재점(크리스탈빌딩)
541,주출입구 높이차이 제거_미스터피자 양재점(크리스탈빌딩),이용가능,미스터피자 양재점(크리스탈빌딩)
542,주출입구 접근로_베누스타-뷔페,이용가능,베누스타-뷔페
543,장애인 전용 주차구역_베누스타-뷔페,이용불편,베누스타-뷔페
544,주출입구 높이차이 제거_베누스타-뷔페,이용가능,베누스타-뷔페
545,주출입구 접근로_베니건스,이용불편,베니건스
546,장애인 전용 주차구역_베니건스,이용가능,베니건스
547,주출입구 접근로_보나세라,이용가능,보나세라
548,장애인 전용 주차구역_보나세라,이용가능,보나세라
549,주출입구 높이차이 제거_보나세라,이용가능,보나세라
550,주출입구 접근로_부처스컷,이용가능,부처스컷
551,장애인 전용 주차구역_부처스컷,이용가능,부처스컷
552,주출입구 높이차이 제거_부처스컷,이용가능,부처스컷
553,주출입구 접근로_붓처스컷(SG다이힐빌딩),이용가능,붓처스컷(SG다이힐빌딩)
554,주출입구 높이차이 제거_붓처스컷(SG다이힐빌딩),이용가능,붓처스컷(SG다이힐빌딩)
555,주출입구 접근로_브리꼴라쥬카페,이용가능,브리꼴라쥬카페
556,장애인 전용 주차구역_브리꼴라쥬카페,이용가능,브리꼴라쥬카페
557,주출입구 높이차이 제거_브리꼴라쥬카페,이용가능,브리꼴라쥬카페
558,주출입구 접근로_블랙스미스,이용가능,블랙스미스
559,장애인 전용 주차구역_블랙스미스,이용가능,블랙스미스
560,주출입구 접근로_빕스 대방점,이용가능,빕스 대방점
561,장애인 전용 주차구역_빕스 대방점,이용가능,빕스 대방점
562,주출입구 높이차이 제거_빕스 대방점,이용가능,빕스 대방점
563,주출입구 접근로_빕스 등촌점,이용가능,빕스 등촌점
564,장애인 전용 주차구역_빕스 등촌점,이용가능,빕스 등촌점
565,주출입구 높이차이 제거_빕스 등촌점,이용가능,빕스 등촌점
566,주출입구 접근로_빕스 문정점,이용가능,빕스 문정점
567,장애인 전용 주차구역_빕스 문정점,이용가능,빕스 문정점
568,주출입구 높이차이 제거_빕스 문정점,이용가능,빕스 문정점
569,주출입구 접근로_빕스 봉천역점,이용가능,빕스 봉천역점
570,장애인 전용 주차구역_빕스 봉천역점,이용불편,빕스 봉천역점
571,주출입구 높이차이 제거_빕스 봉천역점,이용가능,빕스 봉천역점
572,장애인 전용 주차구역_빕스 상봉역점,이용가능,빕스 상봉역점
573,주출입구 높이차이 제거_빕스 상봉역점,이용가능,빕스 상봉역점
574,주출입구 접근로_빕스 창동점,이용가능,빕스 창동점
575,장애인 전용 주차구역_빕스 창동점,이용불편,빕스 창동점
576,주출입구 높이차이 제거_빕스 창동점,이용가능,빕스 창동점
577,주출입구 접근로_빕스 청담점,이용가능,빕스 청담점
578,장애인 전용 주차구역_빕스 청담점,이용가능,빕스 청담점
579,주출입구 높이차이 제거_빕스 청담점,이용가능,빕스 청담점
580,주출입구 접근로_샤델리(한수빌딩),이용가능,샤델리(한수빌딩)
581,장애인 전용 주차구역_샤델리(한수빌딩),이용가능,샤델리(한수빌딩)
582,주출입구 높이차이 제거_샤델리(한수빌딩),이용가능,샤델리(한수빌딩)
583,주출입구 접근로_서강8경 제2근생(일반음식점),이용가능,서강8경 제2근생(일반음식점)
584,장애인 전용 주차구역_서강8경 제2근생(일반음식점),이용가능,서강8경 제2근생(일반음식점)
585,주출입구 높이차이 제거_서강8경 제2근생(일반음식점),이용불편,서강8경 제2근생(일반음식점)
586,주출입구 접근로_아실라,이용가능,아실라
587,주출입구 접근로_아웃백스테이크하우스 봉천점,이용가능,아웃백스테이크하우스 봉천점
588,장애인 전용 주차구역_아웃백스테이크하우스 봉천점,이용가능,아웃백스테이크하우스 봉천점
589,주출입구 높이차이 제거_아웃백스테이크하우스 봉천점,이용불편,아웃백스테이크하우스 봉천점
590,장애인 전용 주차구역_아웃백스테이크하우스 삼봉점,이용가능,아웃백스테이크하우스 삼봉점
591,주출입구 접근로_아웃백스테이크하우스 신대방점,이용가능,아웃백스테이크하우스 신대방점
592,장애인 전용 주차구역_아웃백스테이크하우스 신대방점,이용가능,아웃백스테이크하우스 신대방점
593,주출입구 접근로_아웃백스테이크하우스 신촌점,이용불편,아웃백스테이크하우스 신촌점
594,주출입구 접근로_아웃백스테이크하우스 잠실점,이용가능,아웃백스테이크하우스 잠실점
595,장애인 전용 주차구역_아웃백스테이크하우스 잠실점,이용가능,아웃백스테이크하우스 잠실점
596,주출입구 접근로_올리아,이용가능,올리아
597,장애인 전용 주차구역_올리아,이용가능,올리아
598,주출입구 접근로_와인 바꼬뜨도르(페리빌딩),이용가능,와인 바꼬뜨도르(페리빌딩)
599,주출입구 높이차이 제거_와인 바꼬뜨도르(페리빌딩),이용가능,와인 바꼬뜨도르(페리빌딩)
600,주출입구 접근로_이태원동 근린생활시설(휴게음식점),이용가능,이태원동 근린생활시설(휴게음식점)
601,장애인 전용 주차구역_이태원동 근린생활시설(휴게음식점),이용가능,이태원동 근린생활시설(휴게음식점)
602,주출입구 높이차이 제거_이태원동 근린생활시설(휴게음식점),이용가능,이태원동 근린생활시설(휴게음식점)
603,주출입구 접근로_일파르코,이용불편,일파르코
604,장애인 전용 주차구역_일파르코,이용불편,일파르코
605,주출입구 높이차이 제거_일파르코,이용가능,일파르코
606,장애인 전용 주차구역_잇플레이스,이용가능,잇플레이스
607,장애인용 관람석_잇플레이스,이용가능,잇플레이스
608,주출입구 접근로_장L카페레스토랑,이용가능,장L카페레스토랑
609,주출입구 높이차이 제거_장L카페레스토랑,이용가능,장L카페레스토랑
610,주출입구 접근로_초원웨딩홀뷔페,이용불편,초원웨딩홀뷔페
611,주출입구 높이차이 제거_초원웨딩홀뷔페,이용불편,초원웨딩홀뷔페
612,주출입구 접근로_쿼터백,이용가능,쿼터백
613,주출입구 높이차이 제거_쿼터백,이용가능,쿼터백
614,주출입구 접근로_크리스피크림 도넛츠,이용가능,크리스피크림 도넛츠
615,주출입구 높이차이 제거_크리스피크림 도넛츠,이용가능,크리스피크림 도넛츠
616,주출입구 접근로_투쉐 카페&레스토랑(미산빌딩),이용가능,투쉐 카페&레스토랑(미산빌딩)
617,장애인 전용 주차구역_투쉐 카페&레스토랑(미산빌딩),이용가능,투쉐 카페&레스토랑(미산빌딩)
618,주출입구 높이차이 제거_투쉐 카페&레스토랑(미산빌딩),이용가능,투쉐 카페&레스토랑(미산빌딩)
619,주출입구 접근로_파리바게트,이용가능,파리바게트
620,장애인 전용 주차구역_파리바게트,이용가능,파리바게트
621,주출입구 높이차이 제거_파리바게트,이용불편,파리바게트
622,주출입구 접근로_파리크라상,이용가능,파리크라상
623,주출입구 접근로_파리크라샹,이용가능,파리크라샹
624,장애인 전용 주차구역_파리크라샹,이용가능,파리크라샹
625,주출입구 접근로_프로방스,이용가능,프로방스
626,장애인 전용 주차구역_프로방스,이용불편,프로방스
627,주출입구 높이차이 제거_프로방스,이용불편,프로방스
628,주출입구 접근로_피자스토리,이용가능,피자스토리
629,장애인 전용 주차구역_피자스토리,이용가능,피자스토리
630,주출입구 접근로_피자헛,이용가능,피자헛
631,주출입구 높이차이 제거_피자헛,이용가능,피자헛
632,주출입구 접근로_피자헛,이용가능,피자헛
633,장애인 전용 주차구역_피자헛,이용가능,피자헛
634,주출입구 높이차이 제거_피자헛,이용가능,피자헛
635,주출입구 접근로_한국 피자헛 한티역점,이용가능,한국 피자헛 한티역점
636,주출입구 높이차이 제거_한국 피자헛 한티역점,이용가능,한국 피자헛 한티역점
637,주출입구 접근로_한국맥도날드,이용가능,한국맥도날드
638,장애인 전용 주차구역_한국맥도날드,이용가능,한국맥도날드
639,주출입구 높이차이 제거_한국맥도날드,이용가능,한국맥도날드
640,주출입구 접근로_한국맥도날드송정역,이용가능,한국맥도날드송정역
641,장애인 전용 주차구역_한국맥도날드송정역,이용가능,한국맥도날드송정역
642,주출입구 높이차이 제거_한국맥도날드송정역,이용불편,한국맥도날드송정역
643,주출입구 접근로_한국피자헛,이용가능,한국피자헛
644,장애인 전용 주차구역_한국피자헛,이용가능,한국피자헛
645,주출입구 접근로_한국피자헛등촌점(샷뽀르),이용가능,한국피자헛등촌점(샷뽀르)
646,주출입구 높이차이 제거_한국피자헛등촌점(샷뽀르),이용가능,한국피자헛등촌점(샷뽀르)
647,주출입구 접근로_화수목레스토랑,이용가능,화수목레스토랑
648,장애인 전용 주차구역_화수목레스토랑,이용가능,화수목레스토랑
649,주출입구 접근로_근린생활시설(팬다),이용불편,근린생활시설(팬다)
650,장애인 전용 주차구역_근린생활시설(팬다),이용가능,근린생활시설(팬다)
651,주출입구 접근로_만리장성,이용불편,만리장성
652,장애인 전용 주차구역_만리장성,이용가능,만리장성
653,주출입구 높이차이 제거_만리장성,이용가능,만리장성
654,주출입구 접근로_상하이짬뽕건물,이용가능,상하이짬뽕건물
655,장애인 전용 주차구역_상하이짬뽕건물,이용가능,상하이짬뽕건물
656,주출입구 접근로_실크로드,이용가능,실크로드
657,장애인 전용 주차구역_실크로드,이용불편,실크로드
658,주출입구 높이차이 제거_실크로드,이용불편,실크로드
659,주출입구 접근로_왕짜장,이용가능,왕짜장
660,주출입구 접근로_원챠우,이용가능,원챠우
661,주출입구 높이차이 제거_원챠우,이용가능,원챠우
662,주출입구 접근로_이화원,이용가능,이화원
663,장애인 전용 주차구역_이화원,이용가능,이화원
664,주출입구 접근로_철판해물손짜장,이용가능,철판해물손짜장
665,장애인 전용 주차구역_철판해물손짜장,이용가능,철판해물손짜장
666,주출입구 높이차이 제거_철판해물손짜장,이용불편,철판해물손짜장
667,주출입구 접근로_타워차이,이용가능,타워차이
668,장애인 전용 주차구역_타워차이,이용가능,타워차이
669,장애인용 관람석_타워차이,이용가능,타워차이
670,장애인 전용 주차구역_하림각,이용가능,하림각
671,주출입구 높이차이 제거_하림각,이용가능,하림각
672,주출입구 접근로_희래등,이용불편,희래등
673,장애인 전용 주차구역_희래등,이용가능,희래등
674,주출입구 높이차이 제거_희래등,이용불편,희래등
675,주출입구 접근로_(주)에도긴,이용가능,(주)에도긴
676,장애인 전용 주차구역_(주)에도긴,이용가능,(주)에도긴
677,주출입구 높이차이 제거_(주)에도긴,이용가능,(주)에도긴
678,주출입구 접근로_강서수산,이용가능,강서수산
679,장애인 전용 주차구역_강서수산,이용불편,강서수산
680,주출입구 접근로_경복궁삿뽀로,이용불편,경복궁삿뽀로
681,장애인 전용 주차구역_경복궁삿뽀로,이용불편,경복궁삿뽀로
682,주출입구 높이차이 제거_경복궁삿뽀로,이용가능,경복궁삿뽀로
683,주출입구 접근로_그물에걸린바다,이용불편,그물에걸린바다
684,장애인 전용 주차구역_그물에걸린바다,이용가능,그물에걸린바다
685,주출입구 높이차이 제거_그물에걸린바다,이용가능,그물에걸린바다
686,주출입구 접근로_금강수산,이용가능,금강수산
687,주출입구 접근로_마리온 크레페 Lozy,이용가능,마리온 크레페 Lozy
688,장애인 전용 주차구역_마리온 크레페 Lozy,이용가능,마리온 크레페 Lozy
689,주출입구 높이차이 제거_마리온 크레페 Lozy,이용가능,마리온 크레페 Lozy
690,주출입구 접근로_맑은바닷가의나루터,이용가능,맑은바닷가의나루터
691,장애인 전용 주차구역_맑은바닷가의나루터,이용가능,맑은바닷가의나루터
692,주출입구 접근로_미송샤브샤브,이용불편,미송샤브샤브
693,장애인 전용 주차구역_미송샤브샤브,이용불편,미송샤브샤브
694,주출입구 높이차이 제거_미송샤브샤브,이용가능,미송샤브샤브
695,주출입구 접근로_바다회공원,이용불편,바다회공원
696,주출입구 접근로_바다회공원음식점(청림빌딩)(제시카키친),이용가능,바다회공원음식점(청림빌딩)(제시카키친)
697,장애인 전용 주차구역_바다회공원음식점(청림빌딩)(제시카키친),이용불편,바다회공원음식점(청림빌딩)(제시카키친)
698,주출입구 높이차이 제거_바다회공원음식점(청림빌딩)(제시카키친),이용가능,바다회공원음식점(청림빌딩)(제시카키친)
699,주출입구 접근로_별난횟집,이용가능,별난횟집
700,장애인 전용 주차구역_별난횟집,이용가능,별난횟집
701,주출입구 접근로_삼경바다,이용가능,삼경바다
702,장애인 전용 주차구역_삼경바다,이용가능,삼경바다
703,주출입구 높이차이 제거_삼경바다,이용가능,삼경바다
704,주출입구 접근로_샤르르 샤브샤브,이용가능,샤르르 샤브샤브
705,장애인 전용 주차구역_샤르르 샤브샤브,이용가능,샤르르 샤브샤브
706,주출입구 높이차이 제거_샤르르 샤브샤브,이용가능,샤르르 샤브샤브
707,주출입구 접근로_샤브궁샤브가,이용가능,샤브궁샤브가
708,주출입구 접근로_씨푸드 대림점,이용가능,씨푸드 대림점
709,장애인 전용 주차구역_씨푸드 대림점,이용불편,씨푸드 대림점
710,주출입구 높이차이 제거_씨푸드 대림점,이용가능,씨푸드 대림점
711,주출입구 접근로_아사달횟집,이용불편,아사달횟집
712,주출입구 높이차이 제거_아사달횟집,이용가능,아사달횟집
713,주출입구 접근로_아지코우보,이용가능,아지코우보
714,장애인 전용 주차구역_아지코우보,이용가능,아지코우보
715,주출입구 높이차이 제거_아지코우보,이용가능,아지코우보
716,주출입구 접근로_어부박씨,이용불편,어부박씨
717,주출입구 접근로_이춘복참치,이용불편,이춘복참치
718,주출입구 높이차이 제거_이춘복참치,이용가능,이춘복참치
719,주출입구 접근로_일반음식점(삿뽀로),이용가능,일반음식점(삿뽀로)
720,장애인 전용 주차구역_일반음식점(삿뽀로),이용가능,일반음식점(삿뽀로)
721,주출입구 높이차이 제거_일반음식점(삿뽀로),이용가능,일반음식점(삿뽀로)
722,주출입구 접근로_일식미진(일반음식점),이용가능,일식미진(일반음식점)
723,장애인 전용 주차구역_일식미진(일반음식점),이용가능,일식미진(일반음식점)
724,주출입구 높이차이 제거_일식미진(일반음식점),이용불편,일식미진(일반음식점)
725,주출입구 접근로_정동진회집 하계점,이용가능,정동진회집 하계점
726,장애인 전용 주차구역_정동진회집 하계점,이용가능,정동진회집 하계점
727,주출입구 접근로_참치박사,이용가능,참치박사
728,장애인 전용 주차구역_참치박사,이용가능,참치박사
729,주출입구 접근로_청량리쇠고기샤브샤브,이용가능,청량리쇠고기샤브샤브
730,장애인 전용 주차구역_청량리쇠고기샤브샤브,이용가능,청량리쇠고기샤브샤브
731,주출입구 높이차이 제거_청량리쇠고기샤브샤브,이용불편,청량리쇠고기샤브샤브
732,주출입구 접근로_청해수산회천하통일,이용가능,청해수산회천하통일
733,장애인 전용 주차구역_청해수산회천하통일,이용가능,청해수산회천하통일
734,주출입구 접근로_킹스(북해도),이용가능,킹스(북해도)
735,장애인 전용 주차구역_킹스(북해도),이용가능,킹스(북해도)
736,주출입구 접근로_해성회수산,이용가능,해성회수산
737,장애인 전용 주차구역_해성회수산,이용가능,해성회수산
738,주출입구 접근로_호면당(조은빌딩),이용가능,호면당(조은빌딩)
739,주출입구 높이차이 제거_호면당(조은빌딩),이용가능,호면당(조은빌딩)
740,주출입구 접근로_희전샤브샤브,이용가능,희전샤브샤브
741,장애인 전용 주차구역_희전샤브샤브,이용불편,희전샤브샤브
742,주출입구 높이차이 제거_희전샤브샤브,이용불편,희전샤브샤브
743,주출입구 접근로_(주) 씨머스,이용가능,(주) 씨머스
744,장애인 전용 주차구역_(주) 씨머스,이용가능,(주) 씨머스
745,주출입구 높이차이 제거_(주) 씨머스,이용가능,(주) 씨머스
746,주출입구 접근로_2층에오렌지룸(일반음식점)-호프&요리주점,이용가능,2층에오렌지룸(일반음식점)-호프&요리주점
747,장애인 전용 주차구역_2층에오렌지룸(일반음식점)-호프&요리주점,이용가능,2층에오렌지룸(일반음식점)-호프&요리주점
748,주출입구 높이차이 제거_2층에오렌지룸(일반음식점)-호프&요리주점,이용가능,2층에오렌지룸(일반음식점)-호프&요리주점
749,주출입구 접근로_AB엔터테인먼트-연예기획사,이용가능,AB엔터테인먼트-연예기획사
750,장애인 전용 주차구역_AB엔터테인먼트-연예기획사,이용가능,AB엔터테인먼트-연예기획사
751,주출입구 높이차이 제거_AB엔터테인먼트-연예기획사,이용가능,AB엔터테인먼트-연예기획사
752,주출입구 접근로_Amazing B/D,이용불편,Amazing B/D
753,장애인 전용 주차구역_Amazing B/D,이용가능,Amazing B/D
754,주출입구 접근로_CULISSU GAIA,이용가능,CULISSU GAIA
755,장애인 전용 주차구역_CULISSU GAIA,이용가능,CULISSU GAIA
756,장애인 전용 주차구역_GASTRO PUB-주점,이용불편,GASTRO PUB-주점
757,주출입구 높이차이 제거_GASTRO PUB-주점,이용가능,GASTRO PUB-주점
758,주출입구 접근로_Love Affair,이용가능,Love Affair
759,주출입구 높이차이 제거_Love Affair,이용가능,Love Affair
760,주출입구 접근로_MUG FOR RABBIT-카페,이용가능,MUG FOR RABBIT-카페
761,장애인 전용 주차구역_MUG FOR RABBIT-카페,이용가능,MUG FOR RABBIT-카페
762,주출입구 높이차이 제거_MUG FOR RABBIT-카페,이용가능,MUG FOR RABBIT-카페
763,주출입구 접근로_SK허브진,이용가능,SK허브진
764,장애인 전용 주차구역_SK허브진,이용가능,SK허브진
765,주출입구 접근로_Table 2425,이용가능,Table 2425
766,장애인 전용 주차구역_WA BAR,이용가능,WA BAR
767,주출입구 접근로_coffeesmith(휴게음식점),이용가능,coffeesmith(휴게음식점)
768,장애인 전용 주차구역_coffeesmith(휴게음식점),이용가능,coffeesmith(휴게음식점)
769,주출입구 접근로_enjoy taste & service,이용가능,enjoy taste & service
770,장애인 전용 주차구역_enjoy taste & service,이용가능,enjoy taste & service
771,주출입구 높이차이 제거_enjoy taste & service,이용가능,enjoy taste & service
772,주출입구 접근로_gs25-편의점,이용가능,gs25-편의점
773,장애인 전용 주차구역_gs25-편의점,이용가능,gs25-편의점
774,주출입구 접근로_wellz-가구판매,이용가능,wellz-가구판매
775,장애인 전용 주차구역_wellz-가구판매,이용가능,wellz-가구판매
776,주출입구 높이차이 제거_wellz-가구판매,이용가능,wellz-가구판매
777,주출입구 접근로_㈜젠 하이더 웨이-동남아음식,이용가능,㈜젠 하이더 웨이-동남아음식
778,장애인 전용 주차구역_㈜젠 하이더 웨이-동남아음식,이용가능,㈜젠 하이더 웨이-동남아음식
779,주출입구 접근로_㈜청담안,이용가능,㈜청담안
780,장애인 전용 주차구역_㈜청담안,이용가능,㈜청담안
781,주출입구 접근로_갤러리 시간,이용불편,갤러리 시간
782,주출입구 높이차이 제거_갤러리 시간,이용가능,갤러리 시간
783,주출입구 접근로_골든너겟,이용가능,골든너겟
784,장애인 전용 주차구역_골든너겟,이용가능,골든너겟
785,주출입구 높이차이 제거_골든너겟,이용가능,골든너겟
786,주출입구 접근로_곰씨네(씨크랩건물),이용불편,곰씨네(씨크랩건물)
787,주출입구 접근로_나무그늘-카페,이용불편,나무그늘-카페
788,주출입구 접근로_넘버원-호프&요리주점,이용가능,넘버원-호프&요리주점
789,장애인 전용 주차구역_넘버원-호프&요리주점,이용가능,넘버원-호프&요리주점
790,주출입구 접근로_농부의아들,이용가능,농부의아들
791,장애인 전용 주차구역_농부의아들,이용가능,농부의아들
792,주출입구 접근로_대원,이용가능,대원
793,장애인 전용 주차구역_대원,이용가능,대원
794,주출입구 높이차이 제거_대원,이용가능,대원
795,주출입구 접근로_대학로바탕골,이용가능,대학로바탕골
796,장애인 전용 주차구역_대학로바탕골,이용가능,대학로바탕골
797,주출입구 높이차이 제거_대학로바탕골,이용불편,대학로바탕골
798,주출입구 접근로_더캣츠,이용가능,더캣츠
799,주출입구 높이차이 제거_더캣츠,이용가능,더캣츠
800,주출입구 접근로_동원F&B,이용가능,동원F&B
801,장애인 전용 주차구역_동원F&B,이용불편,동원F&B
802,주출입구 높이차이 제거_동원F&B,이용불편,동원F&B
803,주출입구 접근로_동원빌딩(근린생활시설),이용가능,동원빌딩(근린생활시설)
804,장애인 전용 주차구역_동원빌딩(근린생활시설),이용가능,동원빌딩(근린생활시설)
805,주출입구 높이차이 제거_동원빌딩(근린생활시설),이용가능,동원빌딩(근린생활시설)
806,장애인 전용 주차구역_두울빌딩,이용가능,두울빌딩
807,주출입구 높이차이 제거_두울빌딩,이용불편,두울빌딩
808,주출입구 접근로_둠벙(현:수리수리)-요리&주점,이용가능,둠벙(현:수리수리)-요리&주점
809,장애인 전용 주차구역_둠벙(현:수리수리)-요리&주점,이용가능,둠벙(현:수리수리)-요리&주점
810,장애인 전용 주차구역_라부미텔,이용가능,라부미텔
811,주출입구 높이차이 제거_라부미텔,이용불편,라부미텔
812,주출입구 접근로_라운드-칵테일바,이용가능,라운드-칵테일바
813,장애인 전용 주차구역_라운드-칵테일바,이용가능,라운드-칵테일바
814,주출입구 접근로_렉스모터스-자동차판매점,이용가능,렉스모터스-자동차판매점
815,장애인 전용 주차구역_렉스모터스-자동차판매점,이용가능,렉스모터스-자동차판매점
816,주출입구 높이차이 제거_렉스모터스-자동차판매점,이용불편,렉스모터스-자동차판매점
817,장애인용 승강기_렉스모터스-자동차판매점,이용가능,렉스모터스-자동차판매점
818,주출입구 접근로_로얄더비랜드,이용가능,로얄더비랜드
819,장애인 전용 주차구역_로얄더비랜드,이용가능,로얄더비랜드
820,주출입구 높이차이 제거_로얄더비랜드,이용가능,로얄더비랜드
821,주출입구 접근로_뢰벤호프,이용불편,뢰벤호프
822,장애인 전용 주차구역_뢰벤호프,이용가능,뢰벤호프
823,주출입구 높이차이 제거_뢰벤호프,이용가능,뢰벤호프
824,주출입구 접근로_마법의 성(일반음식점),이용가능,마법의 성(일반음식점)
825,장애인 전용 주차구역_마법의 성(일반음식점),이용가능,마법의 성(일반음식점)
826,주출입구 높이차이 제거_마법의 성(일반음식점),이용가능,마법의 성(일반음식점)
827,주출입구 접근로_멀티하우스리빙텔-고시원,이용가능,멀티하우스리빙텔-고시원
828,장애인 전용 주차구역_멀티하우스리빙텔-고시원,이용가능,멀티하우스리빙텔-고시원
829,주출입구 접근로_메종르베이지-카페,이용가능,메종르베이지-카페
830,장애인 전용 주차구역_메종르베이지-카페,이용가능,메종르베이지-카페
831,주출입구 접근로_무스쿠스(도화타워),이용가능,무스쿠스(도화타워)
832,장애인 전용 주차구역_무스쿠스(도화타워),이용가능,무스쿠스(도화타워)
833,주출입구 높이차이 제거_무스쿠스(도화타워),이용가능,무스쿠스(도화타워)
834,주출입구 접근로_민들레영토,이용가능,민들레영토
835,장애인 전용 주차구역_민들레영토,이용가능,민들레영토
836,주출입구 높이차이 제거_민들레영토,이용불편,민들레영토
837,"주출입구 접근로_밀러타임(지하1,지상2,3,4층)-호프",이용가능,"밀러타임(지하1,지상2,3,4층)-호프"
838,주출입구 접근로_베아따빌딩신관,이용가능,베아따빌딩신관
839,장애인 전용 주차구역_베아따빌딩신관,이용가능,베아따빌딩신관
840,주출입구 접근로_보보-카페,이용가능,보보-카페
841,장애인 전용 주차구역_보보-카페,이용불편,보보-카페
842,주출입구 높이차이 제거_보보-카페,이용가능,보보-카페
843,주출입구 접근로_보보리스-미용실,이용가능,보보리스-미용실
844,장애인 전용 주차구역_보보리스-미용실,이용가능,보보리스-미용실
845,주출입구 접근로_볼트82,이용가능,볼트82
846,장애인 전용 주차구역_볼트82,이용가능,볼트82
847,주출입구 접근로_사이공 스픈 32-동남아음식,이용가능,사이공 스픈 32-동남아음식
848,장애인 전용 주차구역_사이공 스픈 32-동남아음식,이용가능,사이공 스픈 32-동남아음식
849,주출입구 높이차이 제거_사이공 스픈 32-동남아음식,이용가능,사이공 스픈 32-동남아음식
850,주출입구 접근로_샬롬빌,이용가능,샬롬빌
851,장애인 전용 주차구역_샬롬빌,이용가능,샬롬빌
852,주출입구 높이차이 제거_샬롬빌,이용가능,샬롬빌
853,장애인 전용 주차구역_서광폴리머,이용가능,서광폴리머
854,주출입구 높이차이 제거_서광폴리머,이용가능,서광폴리머
855,장애인 전용 주차구역_석천(근린생활시설),이용가능,석천(근린생활시설)
856,주출입구 높이차이 제거_석천(근린생활시설),이용불편,석천(근린생활시설)
857,주출입구 접근로_세븐몽키스(금원빌딩),이용가능,세븐몽키스(금원빌딩)
858,장애인 전용 주차구역_세븐몽키스(금원빌딩),이용가능,세븐몽키스(금원빌딩)
859,주출입구 접근로_수상한포차,이용가능,수상한포차
860,장애인 전용 주차구역_수상한포차,이용가능,수상한포차
861,주출입구 높이차이 제거_수상한포차,이용불편,수상한포차
862,주출입구 접근로_수상한포차,이용가능,수상한포차
863,장애인 전용 주차구역_수상한포차,이용가능,수상한포차
864,주출입구 높이차이 제거_수상한포차,이용가능,수상한포차
865,주출입구 접근로_순봉상가(불토불가마사우나),이용불편,순봉상가(불토불가마사우나)
866,장애인 전용 주차구역_순봉상가(불토불가마사우나),이용불편,순봉상가(불토불가마사우나)
867,주출입구 높이차이 제거_순봉상가(불토불가마사우나),이용불편,순봉상가(불토불가마사우나)
868,주출입구 접근로_스타벅스 신촌점,이용가능,스타벅스 신촌점
869,장애인 전용 주차구역_스타벅스 신촌점,이용가능,스타벅스 신촌점
870,주출입구 높이차이 제거_스타벅스 신촌점,이용가능,스타벅스 신촌점
871,주출입구 접근로_스타벅스 커피 스토리,이용가능,스타벅스 커피 스토리
872,장애인 전용 주차구역_스타벅스 커피 스토리,이용가능,스타벅스 커피 스토리
873,주출입구 높이차이 제거_스타벅스 커피 스토리,이용가능,스타벅스 커피 스토리
874,주출입구 접근로_스타벅스(보라빌딩),이용가능,스타벅스(보라빌딩)
875,장애인 전용 주차구역_스타벅스(보라빌딩),이용가능,스타벅스(보라빌딩)
876,주출입구 높이차이 제거_스타벅스(보라빌딩),이용가능,스타벅스(보라빌딩)
877,주출입구 접근로_신동희,이용가능,신동희
878,장애인 전용 주차구역_신동희,이용가능,신동희
879,주출입구 높이차이 제거_신동희,이용가능,신동희
880,주출입구 접근로_쌍쌍포차,이용가능,쌍쌍포차
881,장애인 전용 주차구역_쌍쌍포차,이용가능,쌍쌍포차
882,주출입구 접근로_씨제이푸드,이용불편,씨제이푸드
883,장애인 전용 주차구역_씨제이푸드,이용가능,씨제이푸드
884,주출입구 접근로_아워홈역삼빌딩,이용가능,아워홈역삼빌딩
885,장애인 전용 주차구역_아워홈역삼빌딩,이용가능,아워홈역삼빌딩
886,주출입구 접근로_알비훠스트,이용가능,알비훠스트
887,주출입구 높이차이 제거_알비훠스트,이용가능,알비훠스트
888,주출입구 접근로_언더브릿지(일반음식점),이용불편,언더브릿지(일반음식점)
889,장애인 전용 주차구역_언더브릿지(일반음식점),이용가능,언더브릿지(일반음식점)
890,주출입구 높이차이 제거_언더브릿지(일반음식점),이용불편,언더브릿지(일반음식점)
891,주출입구 접근로_엔씨레이디스-백화점,이용불편,엔씨레이디스-백화점
892,장애인 전용 주차구역_엔씨레이디스-백화점,이용불편,엔씨레이디스-백화점
893,주출입구 높이차이 제거_엔씨레이디스-백화점,이용불편,엔씨레이디스-백화점
894,주출입구 접근로_엔젤리너스카페,이용가능,엔젤리너스카페
895,주출입구 높이차이 제거_엔젤리너스카페,이용가능,엔젤리너스카페
896,주출입구 접근로_오렌지팩토리-의류판매,이용가능,오렌지팩토리-의류판매
897,장애인 전용 주차구역_오렌지팩토리-의류판매,이용가능,오렌지팩토리-의류판매
898,주출입구 접근로_와라와라(혜진빌딩),이용가능,와라와라(혜진빌딩)
899,장애인 전용 주차구역_와라와라(혜진빌딩),이용가능,와라와라(혜진빌딩)
900,주출입구 접근로_원투쓰리,이용가능,원투쓰리
901,주출입구 높이차이 제거_원투쓰리,이용불편,원투쓰리
902,주출입구 접근로_일반음식점(에덴),이용가능,일반음식점(에덴)
903,장애인 전용 주차구역_일반음식점(에덴),이용가능,일반음식점(에덴)
904,주출입구 높이차이 제거_일반음식점(에덴),이용불편,일반음식점(에덴)
905,주출입구 접근로_정우씨티,이용가능,정우씨티
906,장애인 전용 주차구역_정우씨티,이용가능,정우씨티
907,주출입구 높이차이 제거_정우씨티,이용가능,정우씨티
908,주출입구 접근로_제2근린생활(수한의원부동산),이용가능,제2근린생활(수한의원부동산)
909,장애인 전용 주차구역_제2근린생활(수한의원부동산),이용가능,제2근린생활(수한의원부동산)
910,주출입구 높이차이 제거_제2근린생활(수한의원부동산),이용가능,제2근린생활(수한의원부동산)
911,주출입구 접근로_주노도시-카페,이용가능,주노도시-카페
912,장애인 전용 주차구역_주노도시-카페,이용가능,주노도시-카페
913,주출입구 높이차이 제거_주노도시-카페,이용불편,주노도시-카페
914,주출입구 접근로_주런,이용가능,주런
915,장애인 전용 주차구역_주런,이용가능,주런
916,주출입구 접근로_중림동 325-1 제2종근린생활시설(우진제임스전),이용가능,중림동 325-1 제2종근린생활시설(우진제임스전)
917,주출입구 높이차이 제거_중림동 325-1 제2종근린생활시설(우진제임스전),이용불편,중림동 325-1 제2종근린생활시설(우진제임스전)
918,주출입구 접근로_지오브레스빌딩,이용가능,지오브레스빌딩
919,주출입구 높이차이 제거_지오브레스빌딩,이용가능,지오브레스빌딩
920,주출입구 접근로_지태하,이용불편,지태하
921,장애인 전용 주차구역_지태하,이용불편,지태하
922,주출입구 높이차이 제거_지태하,이용불편,지태하
923,주출입구 접근로_진미파라곤,이용가능,진미파라곤
924,장애인 전용 주차구역_진미파라곤,이용가능,진미파라곤
925,주출입구 높이차이 제거_진미파라곤,이용불편,진미파라곤
926,주출입구 접근로_청산유통,이용불편,청산유통
927,장애인 전용 주차구역_청산유통,이용가능,청산유통
928,주출입구 접근로_카페 무이무이,이용가능,카페 무이무이
929,장애인 전용 주차구역_카페 무이무이,이용가능,카페 무이무이
930,주출입구 높이차이 제거_카페 무이무이,이용가능,카페 무이무이
931,주출입구 접근로_카페뎀셀브쥬,이용가능,카페뎀셀브쥬
932,장애인 전용 주차구역_카페뎀셀브쥬,이용가능,카페뎀셀브쥬
933,주출입구 접근로_카페프렌즈,이용가능,카페프렌즈
934,장애인 전용 주차구역_카페프렌즈,이용가능,카페프렌즈
935,주출입구 높이차이 제거_카페프렌즈,이용가능,카페프렌즈
936,주출입구 접근로_커피빈,이용가능,커피빈
937,장애인 전용 주차구역_커피빈,이용가능,커피빈
938,주출입구 높이차이 제거_커피빈,이용가능,커피빈
939,주출입구 접근로_커피빈 압구정점(스마트 익스체인지 빌딩),이용가능,커피빈 압구정점(스마트 익스체인지 빌딩)
940,주출입구 접근로_커피빈 코리아 삼성점(우창빌딩),이용가능,커피빈 코리아 삼성점(우창빌딩)
941,장애인 전용 주차구역_커피빈 코리아 삼성점(우창빌딩),이용불편,커피빈 코리아 삼성점(우창빌딩)
942,주출입구 높이차이 제거_커피빈 코리아 삼성점(우창빌딩),이용가능,커피빈 코리아 삼성점(우창빌딩)
943,주출입구 접근로_커피스미스,이용가능,커피스미스
944,주출입구 접근로_코나커피숍,이용가능,코나커피숍
945,장애인 전용 주차구역_코나커피숍,이용가능,코나커피숍
946,주출입구 높이차이 제거_코나커피숍,이용가능,코나커피숍
947,주출입구 접근로_타운플라자,이용가능,타운플라자
948,장애인 전용 주차구역_타운플라자,이용가능,타운플라자
949,주출입구 접근로_트라이랜드,이용가능,트라이랜드
950,장애인 전용 주차구역_트라이랜드,이용가능,트라이랜드
951,주출입구 높이차이 제거_트라이랜드,이용가능,트라이랜드
952,주출입구 접근로_티에스아이디-인테리어,이용불편,티에스아이디-인테리어
953,장애인 전용 주차구역_티에스아이디-인테리어,이용가능,티에스아이디-인테리어
954,주출입구 높이차이 제거_티에스아이디-인테리어,이용가능,티에스아이디-인테리어
955,주출입구 접근로_파스꾸찌신촌연대점,이용가능,파스꾸찌신촌연대점
956,장애인 전용 주차구역_파스꾸찌신촌연대점,이용가능,파스꾸찌신촌연대점
957,주출입구 높이차이 제거_파스꾸찌신촌연대점,이용가능,파스꾸찌신촌연대점
958,주출입구 접근로_프로포즈야채과일<간이장터>,이용가능,프로포즈야채과일<간이장터>
959,장애인 전용 주차구역_프로포즈야채과일<간이장터>,이용가능,프로포즈야채과일<간이장터>
960,주출입구 높이차이 제거_프로포즈야채과일<간이장터>,이용가능,프로포즈야채과일<간이장터>
961,주출입구 접근로_프리미어플레이스,이용가능,프리미어플레이스
962,주출입구 높이차이 제거_프리미어플레이스,이용가능,프리미어플레이스
963,주출입구 접근로_피티 앤 브이-직업소개,이용불편,피티 앤 브이-직업소개
964,장애인 전용 주차구역_피티 앤 브이-직업소개,이용가능,피티 앤 브이-직업소개
965,주출입구 접근로_한국경제신문사옥,이용가능,한국경제신문사옥
966,장애인 전용 주차구역_한국경제신문사옥,이용불편,한국경제신문사옥
967,주출입구 높이차이 제거_한국경제신문사옥,이용불편,한국경제신문사옥
968,주출입구 접근로_할리스커피점,이용가능,할리스커피점
969,장애인 전용 주차구역_할리스커피점,이용가능,할리스커피점
970,주출입구 높이차이 제거_할리스커피점,이용가능,할리스커피점
971,주출입구 접근로_해동수산광장점,이용불편,해동수산광장점
972,주출입구 높이차이 제거_해동수산광장점,이용가능,해동수산광장점
973,주출입구 접근로_해물퓨전주점,이용불편,해물퓨전주점
974,장애인 전용 주차구역_해물퓨전주점,이용가능,해물퓨전주점
975,주출입구 높이차이 제거_해물퓨전주점,이용가능,해물퓨전주점
976,주출입구 접근로_헐리스커피연희점,이용가능,헐리스커피연희점
977,주출입구 접근로_헤라로사커피(JS빌딩),이용가능,헤라로사커피(JS빌딩)
978,장애인 전용 주차구역_헤라로사커피(JS빌딩),이용불편,헤라로사커피(JS빌딩)
979,주출입구 접근로_헤븐,이용가능,헤븐
980,장애인 전용 주차구역_헤븐,이용가능,헤븐
981,주출입구 접근로_호야,이용가능,호야
982,장애인 전용 주차구역_호야,이용가능,호야
983,주출입구 높이차이 제거_호야,이용가능,호야
984,주출입구 접근로_효천공영-음악감상실,이용가능,효천공영-음악감상실
985,장애인 전용 주차구역_효천공영-음악감상실,이용가능,효천공영-음악감상실
986,주출입구 높이차이 제거_효천공영-음악감상실,이용불편,효천공영-음악감상실
