,place_name,place_address,lat,lon,category,place_id
0,남대문시장 화장실,서울특별시 중구 남창동 51-2,37.559433,126.976225,toilet/open,10331
1,광희동 화장실,서울특별시 중구 광희동1가 202-1,37.564371,127.00630600000001,toilet/open,10332
2,신당 1호 화장실,서울특별시 중구 신당동 236-542,37.563819,127.013347,toilet/open,10333
3,신당 2호 화장실,서울특별시 중구 신당동 298-74,37.561325,127.013778,toilet/open,10334
4,청구역 화장실,서울특별시 중구 신당동 297-17,37.561316999999995,127.013783,toilet/open,10335
5,황학동 화장실,서울특별시 중구 황학동 755,37.56754,127.01813899999999,toilet/open,10336
2369,구로4동 경로당 화장실,서울특별시 구로구 구로동 745-74,37.487057,126.886241,toilet/open,10337
2370,거리공원 등기소앞 화장실,서울특별시 구로구 구로동 50,37.501131,126.89034099999999,toilet/open,10338
2371,삭새어린이공원 화장실,서울특별시 구로구 궁동 238-3,37.496342999999996,126.824444,toilet/open,10339
2373,개웅어린이공원 화장실,서울특별시 구로구 개봉동 340-8,37.490107,126.853004,toilet/open,10340
2374,고척근린공원 화장실,서울특별시 구로구 고척동 산9-14,37.505376,126.853067,toilet/open,10341
2386,궁동생태공원 화장실,서울특별시 구로구 궁동 42-2,37.501289,126.829383,toilet/open,10342
2448,구로리어린이공원 화장실,서울특별시 구로구 구로동 139-82,37.490433,126.89161599999998,toilet/open,10343
2449,화원어린이공원 화장실,서울특별시 구로구 구로동 478-1,37.497937,126.88048899999998,toilet/open,10344
2450,애경어린이공원 화장실,서울특별시 구로구 구로동 501-22,37.500312,126.88443799999999,toilet/open,10345
2451,성산빌라 앞 화장실,서울특별시 구로구 구로동 801-27,37.485186999999996,126.88731100000001,toilet/open,10346
2452,동산빌라앞 화장실,서울특별시 구로구 구로동 792-28,37.485938,126.88857800000001,toilet/open,10347
2453,계남근린공원입구 화장실,서울특별시 구로구 고척동 226-7,37.507601,126.854501,toilet/open,10348
2454,고척근린공원 소공원 화장실,서울특별시 구로구 고척동 164-12,37.503009000000006,126.85281100000002,toilet/open,10349
2455,잦절약수터 입구 화장실,서울특별시 구로구 개봉동 46-2,37.502194,126.839656,toilet/open,10350
2456,개웅산공원 화장실,서울특별시 구로구 개봉동 산60-5,37.485145,126.847953,toilet/open,10351
2457,목감교 화장실,서울특별시 구로구 개봉동 372-1,37.491017,126.863285,toilet/open,10352
2458,광명교 화장실,서울특별시 구로구 천왕동 51-1,37.480733,126.846005,toilet/open,10353
2460,남구로역 공중화장실 화장실,서울특별시 구로구 구로동 803-5,37.485671,126.886622,toilet/open,10354
2461,구일역제방앞 화장실,서울특별시 구로구 구로동 642-76,37.495033,126.87102900000001,toilet/open,10355
2462,고척교입구 화장실,서울특별시 구로구 구로동 621-9,37.501465,126.872376,toilet/open,10356
2464,인라인스케이트장제방 화장실,서울특별시 구로구 구로동 635-19,37.499117,126.872294,toilet/open,10357
2465,c구장(축구장)제방위 화장실,서울특별시 구로구 구로동 271-86,37.511845,126.87817199999999,toilet/open,10358
2466,동양미래대학옆제방 화장실,서울특별시 구로구 고척동 279-1,37.500023999999996,126.86924499999999,toilet/open,10359
2467,계남근린공원 화장실,서울특별시 구로구 신정3동 산103-2,37.509325,126.85599099999999,toilet/open,10360
2468,신구로유수지 화장실,서울특별시 구로구 구로동 693-17,37.489378,126.87546499999999,toilet/open,10361
2469,천왕근린공원 화장실,서울특별시 구로구 천왕동 233-2,37.476158,126.84231399999999,toilet/open,10362
2470,오수배드민턴장 화장실,서울특별시 구로구 궁동 산10-49,37.502117999999996,126.83481299999998,toilet/open,10363
2472,미래빌라앞 화장실,서울특별시 구로구 오류동 134-1,37.492482,126.840966,toilet/open,10364
2473,도림교옆 화장실,서울특별시 구로구 신도림동 325-1,37.513326,126.885695,toilet/open,10365
2474,온수체육공원 화장실,서울특별시 구로구 온수동 산10-4,37.493255,126.819401,toilet/open,10366
2475,남구로시장 화장실,서울특별시 구로구 구로4동 741-44,37.489768,126.88708799999999,toilet/open,10367
2476,뱀쇠다리 옆 화장실,서울특별시 구로구 구로동 689-8,37.489290999999994,126.87251100000002,toilet/open,10368
2477,참새소공원 화장실,서울특별시 구로구 개봉동 1-13,37.505251,126.84421100000002,toilet/open,10369
2478,덕의근린공원 화장실,서울특별시 구로구 고척동 339-4,37.506931,126.856076,toilet/open,10370
2847,마장축산물평면주차장 화장실,서울특별시 성동구 마장동 525,37.571378,127.040233,toilet/open,10371
2852,행당어린이공원 화장실,서울특별시 성동구 행당동 128-417,37.56175999,127.0352626,toilet/open,10372
2853,한양대 앞 화장실,서울특별시 성동구 행당동 157-4,37.56610416,127.04575659999999,toilet/open,10373
2910,왕십리문화공원 화장실,서울특별시 성동구 도선동 35-2,37.553588299999994,127.0419162,toilet/open,10374
2912,독서당공원 화장실,서울특별시 성동구 금호동1가 산37-7,37.556445200000006,127.0195178,toilet/open,10375
2917,자동차매매 화장실,서울특별시 성동구 용답동 234-1,37.55397271,127.04632620000001,toilet/open,10376
2919,성수근린공원 화장실,서울특별시 성동구 성수동2가 302-25,37.56607434,127.047049,toilet/open,10377
2920,성삼공원 화장실,서울특별시 성동구 성수동2가 273-11,37.56161138,127.0269475,toilet/open,10378
2921,중랑물재생센터 화장실,서울특별시 성동구 송정동 73-37,37.56789151,127.039399,toilet/open,10379
2922,무학봉 화장실,서울특별시 성동구 하왕십리동 890-334,37.54484853,127.0206114,toilet/open,10380
2923,응봉체육공원 화장실,서울특별시 성동구 응봉동 9-4,37.55759695,127.0372514,toilet/open,10381
2924,응봉교 아래 화장실,서울특별시 성동구 응봉동 244-2,37.55127046,127.0372186,toilet/open,10382
2927,매봉산지하수 옆 화장실,서울특별시 성동구 옥수동 산5-164,37.54480786,127.05240500000001,toilet/open,10383
2931,응봉자전거대여소 화장실,서울특별시 성동구 응봉동 3-11,37.5485049,127.03086680000001,toilet/open,10384
2934,응봉산 팔각정 화장실,서울특별시 성동구 금호4가 1539,37.54845678,127.03192949999999,toilet/open,10385
2939,상원 앞 화장실,서울특별시 성동구 성수동1가 2-20,37.549916100000004,127.028741,toilet/open,10386
2940,송정제방 화장실,서울특별시 성동구 송정동 75-20,37.56982606,127.04410790000001,toilet/open,10387
2941,송정농구장 화장실,서울특별시 성동구 송정동 73-24,37.56720159,127.04106740000002,toilet/open,10388
2942,새말빗물펌프장 화장실,서울특별시 성동구 송정동 93-22,37.5531319,127.02834909999999,toilet/open,10389
2943,궁터장 화장실,서울특별시 성동구 행당동 81-4,37.54610038,127.0105808,toilet/open,10390
2946,살곶이 진입 화장실,서울특별시 성동구 사근동 102-28,37.54953971,127.0349686,toilet/open,10391
4291,숯내공원 화장실 화장실,서울특별시 송파구 문정동 150-8,37.497156,127.14693700000001,toilet/open,10392
4292,올림픽공원-몽촌삼거리(옥외화장실) 화장실,서울특별시 송파구 오륜동 88-2,37.507927,127.118076,toilet/open,10393
4293,올림픽공원-공급실 앞(옥외화장실) 화장실,서울특별시 송파구 오륜동 88-2,37.514634,127.10741100000001,toilet/open,10394
4294,올림픽공원-공급실 뒤(옥외화장실) 화장실,서울특별시 송파구 오륜동 88-2,37.493312,127.12503600000001,toilet/open,10395
4295,올림픽공원-구립SOMA미술관 화장실,서울특별시 송파구 오륜동 88-2,37.502416,127.12611499999998,toilet/open,10396
4296,올림픽공원-만남의광장(A2동) 화장실,서울특별시 송파구 오륜동 88,37.515394,127.10744199999999,toilet/open,10397
4297,올림픽공원-프라자A동 화장실,서울특별시 송파구 오륜동 88,37.493833,127.12048200000001,toilet/open,10398
4298,올림픽공원-프라자C동 화장실,서울특별시 송파구 오륜동 88,37.514516,127.108802,toilet/open,10399
4299,올림픽공원-프라자C동 화장실,서울특별시 송파구 오륜동 88,37.48982,127.123779,toilet/open,10400
4300,송파도서관(오금동 51) 화장실,서울특별시 송파구 오금동 51,37.51077,127.116514,toilet/open,10401
4301,청소년 수련관 화장실,서울특별시 송파구 문정2동 150-8,37.507065000000004,127.07988600000002,toilet/open,10402
4302,청소년 수련관 화장실,서울특별시 송파구 마천1동 325-5,37.507079,127.117654,toilet/open,10403
4303,서울영어마을풍납캠프 화장실,서울특별시 송파구 풍납2동 281-1,37.509334,127.085974,toilet/open,10404
4304,송파우체국 화장실,서울특별시 송파구 오금동 50-3,37.538261999999996,127.12283799999999,toilet/open,10405
4305,송파나루(더다이닝) 화장실 화장실,서울특별시 송파구 잠실동 47,37.512456,127.10506399999998,toilet/open,10406
4306,대한소방공제회빌딩 화장실,서울특별시 송파구 가락본동 98-3,37.511477,127.08148,toilet/open,10407
4307,한국조세연구원빌딩 화장실,서울특별시 송파구 가락본동 79-6,37.512144,127.08300700000001,toilet/open,10408
4308,국민연금본부회관 화장실,서울특별시 송파구 신천동 7-16,37.506762,127.105286,toilet/open,10409
4309,경찰병원 화장실,서울특별시 송파구 가락본동 58,37.501287,127.12703799999998,toilet/open,10410
4310,강동송파교육지원청 화장실,서울특별시 송파구 잠실2동 22-3,37.50137,127.108678,toilet/open,10411
4311,송파구  공영차고지 화장실,서울특별시 송파구 장지동 42-1,37.495107,127.122426,toilet/open,10412
4312,시설관리공단 화장실,서울특별시 송파구 장지동 573-1,37.5073,127.11663600000001,toilet/open,10413
4313,마천119안전센터 화장실,서울특별시 송파구 마천2동 29-1,37.49061,127.157521,toilet/open,10414
4314,거여119안전센터 화장실,서울특별시 송파구 거여2동 307-11,37.508236,127.10388700000001,toilet/open,10415
4315,방이119안전센터 화장실,서울특별시 송파구 방이2동 89-3,37.505798,127.10616,toilet/open,10416
4316,잠실119안전센터 화장실,서울특별시 송파구 잠실3동 44-5,37.492979,127.15016200000001,toilet/open,10417
4317,운동장119안전센터 화장실,서울특별시 송파구 잠실2동 10,37.514021,127.10756699999999,toilet/open,10418
4318,가락119안전센터 화장실,서울특별시 송파구 가락1동 600,37.506991,127.089909,toilet/open,10419
4319,서울초이스병원(임정애 메이저) 화장실,서울특별시 송파구 풍납2동 496-5,37.504757,127.08773799999999,toilet/open,10420
4320,아산병원 화장실,서울특별시 송파구 풍납2동 388,37.516616,127.101258,toilet/open,10421
4321,한국육영학교(특수) 화장실,서울특별시 송파구 장지동 848-1,37.497659999999996,127.125723,toilet/open,10422
4322,한국체육대학교 화장실,서울특별시 송파구 오륜동 88-15,37.504129999999996,127.107677,toilet/open,10423
4323,아시아선수촌A동상가 화장실,서울특별시 송파구 잠실동 85-1,37.516312,127.10041299999999,toilet/open,10424
4324,잠실3동성당 화장실,서울특별시 송파구 잠실3동 27-2,37.489398,127.122831,toilet/open,10425
4325,풍납백제문화공원 화장실,서울특별시 송파구 풍납동 197,37.511469,127.08168899999998,toilet/open,10426
4326,송파관광정보센터 화장실,서울특별시 송파구 신천동 32,37.481813,127.13246299999999,toilet/open,10427
4327,올림픽공원-테니스장 화장실,서울특별시 송파구 오륜동 88-2,37.524671000000005,127.12196399999999,toilet/open,10428
4328,KT가락지점 화장실,서울특별시 송파구 가락본동 77-6,37.512572,127.10819,toilet/open,10429
4329,송파나루(놀이마당) 화장실 화장실,서울특별시 송파구 잠실동 47,37.53587,127.113731,toilet/open,10430
4330,송파나루(갤러리수) 화장실 화장실,서울특별시 송파구 잠실동 47,37.516192,127.09345900000001,toilet/open,10431
4331,잠실공원 화장실 화장실,서울특별시 송파구 잠실본동 230,37.508531,127.07691000000001,toilet/open,10432
4332,방이공원 화장실 화장실,서울특별시 송파구 방이동 52,37.508540999999994,127.076715,toilet/open,10433
4333,송이공원 화장실 화장실,서울특별시 송파구 송파동 169,37.520247,127.115553,toilet/open,10434
4334,웃말공원 화장실 화장실,서울특별시 송파구 가락동 21,37.494029,127.118077,toilet/open,10435
4335,가락공원1(관리동) 화장실 화장실,서울특별시 송파구 가락동 37,37.494547,127.120977,toilet/open,10436
4336,가락공원2 (족구장) 화장실 화장실,서울특별시 송파구 가락동 37,37.522698999999996,127.126848,toilet/open,10437
4337,백토공원 화장실 화장실,서울특별시 송파구 오금동 6,37.497353000000004,127.14649299999999,toilet/open,10438
4338,상록(현충) 화장실,서울특별시 동작구 사당동 산12-2,37.4927553611,126.973213918,toilet/small,10439
4339,훼미리공원 화장실 화장실,서울특별시 송파구 문정동 150-5,37.496575,127.147079,toilet/open,10440
4340,오금공원1(관리동) 화장실 화장실,서울특별시 송파구 오금동 51,37.49565,127.14773400000001,toilet/open,10441
4341,오금공원2(테니스장) 화장실 화장실,서울특별시 송파구 오금동 51,37.496021999999996,127.147489,toilet/open,10442
4342,오금공원3(스케이트장) 화장실 화장실,서울특별시 송파구 오금동 51,37.495253000000005,127.149206,toilet/open,10443
4343,건너말 공원 화장실 화장실,서울특별시 송파구 가락동 110,37.494576,127.15053300000001,toilet/open,10444
4344,개롱공원1(관리동) 화장실 화장실,서울특별시 송파구 가락동 195,37.478614,127.11908999999999,toilet/open,10445
4345,개롱공원2(놀이터) 화장실 화장실,서울특별시 송파구 가락동 195,37.502725,127.108952,toilet/open,10446
4346,목련공원 화장실 화장실,서울특별시 송파구 오금동 156,37.502821999999995,127.09856,toilet/open,10447
4347,누에머리공원 화장실 화장실,서울특별시 송파구 오금동 110,37.50359,127.092203,toilet/open,10448
4348,두댐이공원 화장실 화장실,서울특별시 송파구 문정동 2,37.51232,127.12552,toilet/open,10449
4349,거여공원 화장실 화장실,서울특별시 송파구 거여동 11,37.512589,127.11395700000001,toilet/open,10450
4350,마천공원 화장실 화장실,서울특별시 송파구 마천동 11,37.510673,127.1208,toilet/open,10451
4351,연화공원 화장실 화장실,서울특별시 송파구 문정동 92,37.511115000000004,127.111104,toilet/open,10452
4352,송파근린공원 화장실 화장실,서울특별시 송파구 송파동 113,37.513018,127.11353600000001,toilet/open,10453
4353,풍납공원 화장실 화장실,서울특별시 송파구 풍납동 70-32,37.491231,127.11534099999999,toilet/open,10454
4354,천마산공원(안전공원) 화장실 화장실,서울특별시 송파구 마천동 산1-10,37.510249,127.12571299999999,toilet/open,10455
4355,천마산공원(축구장) 화장실 화장실,서울특별시 송파구 마천동 산1-10,37.497048,127.14818600000001,toilet/open,10456
4356,장지근린공원 화장실 화장실,서울특별시 송파구 장지동 851,37.526728000000006,127.113524,toilet/open,10457
4357,동남권유통단지 화장실 화장실,서울특별시 송파구 문정동 625,37.526396999999996,127.114103,toilet/open,10458
4358,중소기업정보관 화장실 화장실,서울특별시 송파구 잠실동 50-3,37.501847999999995,127.12758600000001,toilet/open,10459
4359,장미 화장실 화장실,서울특별시 송파구 신천동 6,37.508532,127.07690500000001,toilet/open,10460
4360,마천 공중화장실 화장실,서울특별시 송파구 마천동 125-13,37.518096,127.10063899999999,toilet/open,10461
4361,산성 화장실 화장실,서울특별시 송파구 마천동 277-30,37.477614,127.124945,toilet/open,10462
4362,제2거여 재래식 화장실,서울특별시 송파구 거여동 181-3,37.493210999999995,127.13636299999999,toilet/open,10463
4363,제3거여 재래식 화장실,서울특별시 송파구 거여동 181-415,37.506316,127.106633,toilet/open,10464
4364,제4거여 재래식 화장실,서울특별시 송파구 거여동 181-622,37.504578,127.138421,toilet/open,10465
4365,제5거여 재래식 화장실,서울특별시 송파구 거여동 181-639,37.509823,127.131592,toilet/open,10466
4366,제6거여 재래식 화장실,서울특별시 송파구 거여동 202-78,37.471111,127.126154,toilet/open,10467
4367,신도빌딩 화장실,서울특별시 송파구 가락동 10,37.50651,127.12056799999999,toilet/open,10468
4368,가윤빌딩 화장실,서울특별시 송파구 가락동 124-4,37.485902,127.13243100000001,toilet/open,10469
4369,세신타운 화장실,서울특별시 송파구 거여동 293-1,37.500049,127.147784,toilet/open,10470
4370,㈜송파상운-취약지역 화장실,서울특별시 송파구 마천동 330-2,37.500054,127.14313100000001,toilet/open,10471
4371,로데오 상점가-취약지역 화장실,서울특별시 송파구 문정동 29-24,37.493745000000004,127.144305,toilet/open,10472
4372,현윤빌딩 화장실,서울특별시 송파구 문정동 42-6 2층,37.492985,127.149482,toilet/open,10473
4373,향군회관A동 화장실,서울특별시 송파구 신천동 7-29,37.495843,127.124748,toilet/open,10474
4374,학수(현충) 화장실,서울특별시 동작구 사당동 산22-16,37.4926707943,126.966637299,toilet/small,10475
4375,현대드림밸리빌딩 화장실,서울특별시 송파구 방이동 34-2,37.492385,127.127344,toilet/open,10476
4376,대우유토피아 화장실,서울특별시 송파구 방이동 22,37.514685,127.114194,toilet/open,10477
4377,동성빌딩 화장실,서울특별시 송파구 방이동 64-1,37.53595,127.116069,toilet/open,10478
4378,세기빌딩 화장실,서울특별시 송파구 방이동 66-2,37.527741999999996,127.113877,toilet/open,10479
4379,삼성디지탈프라자 화장실,서울특별시 송파구 송파동 147-6,37.491772999999995,127.15561000000001,toilet/open,10480
4380,효창빌딩 화장실,서울특별시 송파구 잠실동 181-3,37.50275,127.12838899999998,toilet/open,10481
4381,성진빌딩 화장실,서울특별시 송파구 잠실동 181-2,37.514602000000004,127.10654099999999,toilet/open,10482
4382,삼성생명빌딩 화장실,서울특별시 송파구 풍납동 473-5,37.500471000000005,127.13546699999999,toilet/open,10483
4383,현대파크빌상가빌딩 화장실,서울특별시 송파구 가락동 147-2,37.493971,127.155076,toilet/open,10484
4384,가락빌딩 화장실,서울특별시 송파구 가락동 8-2,37.505896,127.109766,toilet/open,10485
4385,풍납지구대 화장실,서울특별시 송파구 풍납2동 403-11,37.514285,127.11389199999999,toilet/open,10486
4386,청호빌딩 화장실,서울특별시 송파구 석촌동 174-12,37.522388,127.10296699999999,toilet/open,10487
4387,신우빌딩 화장실,서울특별시 송파구 석촌동 296-2,37.506227,127.131651,toilet/open,10488
4388,세븐스타빌딩 화장실,서울특별시 송파구 잠실동 19-8,37.510861,127.11022700000001,toilet/open,10489
4389,민성빌딩 화장실,서울특별시 송파구 잠실동 222-5,37.499311999999996,127.097053,toilet/open,10490
4390,석촌레이크빌 화장실,서울특별시 송파구 석촌동 184-7,37.504302,127.089021,toilet/open,10491
4391,우진빌딩 화장실,서울특별시 송파구 송파동 147-1,37.502383,127.094292,toilet/open,10492
4392,아이티벤처타워 화장실,서울특별시 송파구 가락동 78,37.475386,127.12756999999999,toilet/open,10493
4393,파크인수빌딩 화장실,서울특별시 송파구 잠실본동 230,37.506586,127.08099399999999,toilet/open,10494
4394,향군타워B동 화장실,서울특별시 송파구 신천동 7-13,37.503901,127.13815600000001,toilet/open,10495
4395,문산부인과 화장실,서울특별시 송파구 가락동 94-3,37.502295000000004,127.093303,toilet/open,10496
4396,뉴스타트병원 화장실,서울특별시 송파구 가락동 159-7,37.494675,127.14849,toilet/open,10497
4397,올림픽병원 화장실,서울특별시 송파구 석촌동 14-10,37.528724,127.116851,toilet/open,10498
4398,서울병원 화장실,서울특별시 송파구 가락본동 2,37.495332,127.14081200000001,toilet/open,10499
4399,빠른병원 화장실,서울특별시 송파구 송파동 20-7,37.496936,127.148574,toilet/open,10500
4400,한솔병원 화장실,서울특별시 송파구 석촌동 174-13,37.495509999999996,127.12175,toilet/open,10501
4401,힘찬병원 화장실,서울특별시 송파구 송파동 20-8,37.50277,127.09253799999999,toilet/open,10502
4402,잠실중앙상가 화장실,서울특별시 송파구 잠실동 27-6,37.503592,127.103652,toilet/open,10503
4403,올림픽프라자상가 화장실,서울특별시 송파구 방이동 89-11,37.502334000000005,127.116708,toilet/open,10504
4404,장미상가 A 화장실,서울특별시 송파구 신천동 7,37.506276,127.109292,toilet/open,10505
4405,장미상가 B 화장실,서울특별시 송파구 신천동 7,37.502939000000005,127.12808400000002,toilet/open,10506
4406,잠실지하 상가 화장실,서울특별시 송파구 잠실동,37.514590000000005,127.114434,toilet/open,10507
4407,갤러리아팰리스 화장실,서울특별시 송파구 잠실동 40,37.510961,127.12395500000001,toilet/open,10508
4408,아시아선수촌B동상가 화장실,서울특별시 송파구 잠실동 85,37.520162,127.112274,toilet/open,10509
4409,롯데마트 송파점 화장실,서울특별시 송파구 문정동 150-2,37.513279,127.094223,toilet/open,10510
4410,삼성홈플러스 화장실,서울특별시 송파구 신천동 7-12,37.514129,127.088424,toilet/open,10511
4411,롯데백화점 화장실,서울특별시 송파구 잠실동 40-1,37.506146,127.084383,toilet/open,10512
4412,롯데마트 잠실점 화장실,서울특별시 송파구 잠실동 40-1,37.487,127.13233500000001,toilet/open,10513
4413,롯데캐슬프라자 화장실,서울특별시 송파구 신천동 7-18,37.489875,127.110781,toilet/open,10514
4414,가든파이브(툴) 화장실,서울특별시 송파구 문정동 628,37.490097,127.124133,toilet/open,10515
4415,가든파이브(라이프) 화장실,서울특별시 송파구 문정동 634,37.498713,127.12659099999999,toilet/open,10516
4416,서울주유소 화장실,서울특별시 송파구 가락동 180-4,37.495961,127.149872,toilet/open,10517
4417,제트라인디엠주유소 화장실,서울특별시 송파구 가락동 36-7,37.496986,127.14325500000001,toilet/open,10518
4418,GS훼미리주유소 화장실,"서울특별시 송파구 문정동 150-21, 41",37.538075,127.12206499999999,toilet/open,10519
4419,트레져오일몽촌주유소 화장실,서울특별시 송파구 방이동 107-8,37.510334,127.101129,toilet/open,10520
4420,백제고분로주유소 화장실,서울특별시 송파구 방이동 109-6,37.500221999999994,127.160804,toilet/open,10521
4421,SK방이주유소 화장실,서울특별시 송파구 방이동 132-1,37.510395,127.07229,toilet/open,10522
4422,SK정유(남성주유소) 화장실,서울특별시 송파구 방이동 149-3,37.497569,127.151246,toilet/open,10523
4423,송파알찬주유소 화장실,서울특별시 송파구 삼전동 9-8,37.515823,127.132201,toilet/open,10524
4424,GS석촌주유소 화장실,서울특별시 송파구 석촌동 14-12,37.512494000000004,127.093382,toilet/open,10525
4425,인광주유소 화장실,서울특별시 송파구 석촌동 295,37.50763,127.109816,toilet/open,10526
4426,잠실주유소(셀프) 화장실,서울특별시 송파구 송파동 19-1,37.50608,127.10590400000001,toilet/open,10527
4427,유진주유소 화장실,서울특별시 송파구 오금동 121-1,37.507467,127.10966699999999,toilet/open,10528
4428,한진송파주유소 화장실,서울특별시 송파구 오금동 121-6,37.503917,127.124701,toilet/open,10529
4429,올림픽주유소(셀프) 화장실,서울특별시 송파구 오금동 4,37.502767999999996,127.097991,toilet/open,10530
4430,삼화주유소 화장실,서울특별시 송파구 잠실동 222-31,37.499076,127.11944799999999,toilet/open,10531
4431,완불주유소 화장실,서울특별시 송파구 장지동 608-5,37.498954,127.117173,toilet/open,10532
4432,남성대주유소 화장실,서울특별시 송파구 장지동 645-13,37.511283,127.097926,toilet/open,10533
4433,진양주유소 화장실,서울특별시 송파구 풍납동 401-6,37.512386,127.099356,toilet/open,10534
4434,우리주유소 화장실,"서울특별시 송파구 가락2동 137-9, 11",37.516252,127.103021,toilet/open,10535
4435,서원주유소 화장실,"서울특별시 송파구 가락2동 146-6, 7",37.491735,127.11773799999999,toilet/open,10536
4436,정직한주유소(셀프) 화장실,"서울특별시 송파구 거여1동 19-4, 5, 6, 7",37.511101000000004,127.09390400000001,toilet/open,10537
4437,송파주유소(셀프) 화장실,서울특별시 송파구 거여동 26-1,37.520051,127.10381000000001,toilet/open,10538
4438,대성주유소 화장실,서울특별시 송파구 마천2동 31,37.517821999999995,127.10181899999999,toilet/open,10539
4439,상아주유소 화장실,서울특별시 송파구 마천2동 49-11,37.517399,127.10071699999999,toilet/open,10540
4440,삼정주유소 화장실,"서울특별시 송파구 삼전동 72-2, 8",37.497627,127.124371,toilet/open,10541
4441,선우상사 삼전주유소 화장실,"서울특별시 송파구 삼전동 7-8, 13",37.48956,127.110602,toilet/open,10542
4442,송파제일주유소(셀프) 화장실,"서울특별시 송파구 석촌동 210-16, 17, 18",37.503781,127.13035900000001,toilet/open,10543
4443,퍼스트주유소(셀프) 화장실,서울특별시 송파구 석촌동 217-17,37.500471000000005,127.13168600000002,toilet/open,10544
4444,㈜남경석유 화장실,"서울특별시 송파구 오금동 129-5, 6",37.508202000000004,127.132566,toilet/open,10545
4445,아시아주유소 화장실,"서울특별시 송파구 잠실본동 305-11, 12",37.50519,127.131653,toilet/open,10546
4446,송파주유소 화장실,서울특별시 송파구 송파2동 174-16,37.489917999999996,127.14360400000001,toilet/open,10547
4447,SK엔크린 신화에너지 화장실,"서울특별시 송파구 석촌동 239-8, 13",37.485184000000004,127.128863,toilet/open,10548
4448,GS칼텍스 레이크시티주유소 화장실,"서울특별시 송파구 석촌동 14-2, 3",37.501658,127.14575400000001,toilet/open,10549
4449,마천시장 화장실,"서울특별시 송파구 마천동 140-2,3",37.496836,127.141655,toilet/open,10550
4450,성내천 물놀이장 화장실 화장실,서울특별시 송파구 오금동 135번지,37.490303000000004,127.132223,toilet/open,10551
4451,"탄천,장지천 합류지점 화장실 화장실",서울특별시 송파구 문정동 419-13(장지천?탄천 합류지점),37.503089,127.14238799999998,toilet/open,10552
4452,물빛광장 앞 화장실 화장실,서울특별시 송파구 오금동 128번지,37.498974,127.139151,toilet/open,10553
4453,방이동고분군화장실 화장실,서울특별시 송파구 방이동 125,37.493519,127.13093899999998,toilet/open,10554
4454,석촌동 고분군화장실 화장실,서울특별시 송파구 석촌동 248,37.49346,127.13006499999999,toilet/open,10555
4455,송파다목적구장화장실 화장실,서울특별시 송파구 오금동 51 송파다목적 구장,37.491797999999996,127.123935,toilet/open,10556
4456,송파구여성축구장 화장실,서울특별시 송파구 방이동 88-10,37.498197999999995,127.125335,toilet/open,10557
4457,체육문화회관화장실 화장실,서울특별시 송파구 거여동 289,37.506054,127.08456799999999,toilet/open,10558
4458,배드민턴체육관 화장실 화장실,서울특별시 송파구 거여동 산 21-1,37.478652000000004,127.12066000000002,toilet/open,10559
4459,송파어린이도서관 화장실,서울특별시 송파구 잠실동19-6,37.485147,127.13463999999999,toilet/open,10560
4460,소나무언덕1호작은도서관 화장실,서울특별시 송파구 풍납동401-1,37.500888,127.15880200000001,toilet/open,10561
4461,소나무언덕2호작은도서관 화장실,서울특별시 송파구 잠실동 44-4,37.538538,127.121894,toilet/open,10562
4462,거마도서관 정보센터 화장실,서울특별시 송파구 거여동 195-1,37.506347,127.10998700000002,toilet/open,10563
4464,소나무언덕잠실본동작은도서관 화장실,서울특별시 송파구 잠실동 306,37.532163,127.113295,toilet/open,10564
4465,송파어린이영어작은도서관 화장실,서울특별시 송파구 신천동 14,37.492335,127.156625,toilet/open,10565
4466,송파여성문화회관 화장실 화장실,서울특별시 송파구 송파동 113-2,37.489731,127.111309,toilet/open,10566
4467,비계(현충) 화장실,서울특별시 동작구 동작동 산42-1,37.5031984473,126.96769570299999,toilet/small,10567
4468,송파 어린이문화회관 화장실,서울특별시 송파구 오금동 50,37.499996,127.134841,toilet/open,10568
4469,마천종합사회복지관 화장실,서울특별시 송파구 마천동 323-197,37.519185,127.116092,toilet/open,10569
4470,가락종합사회복지관 화장실,서울특별시 송파구 가락동 481-2,37.51894,127.115517,toilet/open,10570
4471,송파종합사회복지관 화장실,서울특별시 송파구 거여동 5-8,37.518034,127.116721,toilet/open,10571
4472,삼전종합사회복지관 화장실,서울특별시 송파구 삼전동 172,37.516559,127.12921000000001,toilet/open,10572
4473,풍납종합사회복지관 화장실,서울특별시 송파구 풍납동 330-1,37.51693,127.11820900000001,toilet/open,10573
4474,잠실종합사회복지관 화장실,서울특별시 송파구 잠실동 188-1,37.516682,127.120994,toilet/open,10574
4475,솔바람복지센터 화장실,서울특별시 송파구 풍납동 175,37.514996000000004,127.122224,toilet/open,10575
4476,방이복지관 화장실,서울특별시 송파구 방이동 52-2,37.521094,127.12101100000001,toilet/open,10576
4477,서울시각장애인복지관 화장실,서울특별시 송파구 삼전동 109,37.51477,127.12509399999999,toilet/open,10577
4478,인성장애인복지관 화장실,서울특별시 송파구 마천동 211-90,37.514047999999995,127.127531,toilet/open,10578
4479,서울곰두리체육센터(오금동 51번지) 화장실,서울특별시 송파구 오금동 51,37.524418,127.12322900000001,toilet/open,10579
4480,송파구청 화장실,서울특별시 송파구 신천동 29-5,37.520208000000004,127.125752,toilet/open,10580
4481,보건소 화장실,서울특별시 송파구 신천동  29-5,37.51827,127.122876,toilet/open,10581
4482,송파구보건지소 화장실,서울특별시 송파구 거여동 289-5,37.515527,127.122188,toilet/open,10582
4483,송파구의회 화장실,서울특별시 송파구 삼전동 62-2,37.522386,127.116483,toilet/open,10583
4484,거송경로당 화장실 화장실,서울특별시 송파구 거여동 205-47,37.51427,127.126347,toilet/open,10584
4485,풍납1동 주민센터 화장실,서울특별시 송파구 풍납1동 476,37.517233000000004,127.120154,toilet/open,10585
4486,풍납2동 주민센터 화장실,서울특별시 송파구 풍납2동 403-11,37.514733,127.127567,toilet/open,10586
4487,거여1동주민센터 화장실,서울특별시 송파구 거여1동 136-16,37.516964,127.12333500000001,toilet/open,10587
4488,거여2동주민센터 화장실,서울특별시 송파구 거여2동 19-1,37.520986,127.126732,toilet/open,10588
4489,마천1동주민센터 화장실,서울특별시 송파구 마천1동 128-10,37.515465999999996,127.128468,toilet/open,10589
4490,마천2동주민센터 화장실,서울특별시 송파구 마천2동 127-1,37.499806,127.142478,toilet/open,10590
4491,방이1동주민센터 화장실,서울특별시 송파구 방이1동 200,37.47085,127.132053,toilet/open,10591
4492,방이2동주민센터 화장실,서울특별시 송파구 방이2동 52-3,37.480996000000005,127.13663600000001,toilet/open,10592
4493,오륜동주민센터 화장실,서울특별시 송파구 오륜동 89-10,37.514371999999995,127.088936,toilet/open,10593
4494,오금동주민센터 화장실,서울특별시 송파구 오금동 50-1,37.495584,127.12378999999999,toilet/open,10594
4495,제우빌딩 화장실,서울특별시 송파구 석촌동 15,37.503106,127.099043,toilet/open,10595
4496,위너스빌딩 화장실,서울특별시 송파구 잠실동 175-2,37.511301,127.07883999999999,toilet/open,10596
4497,인성정보빌딩 화장실,서울특별시 송파구 오금동 23,37.50823,127.12989499999999,toilet/open,10597
4498,송파나루(카페고고스) 화장실 화장실,서울특별시 송파구 잠실동 47,37.50031,127.1082,toilet/open,10598
4499,송파1동주민센터 화장실,서울특별시 송파구 송파동 113-1,37.515537,127.100894,toilet/open,10599
4500,송파2동주민센터 화장실,서울특별시 송파구 송파2동 173,37.513884000000004,127.106397,toilet/open,10600
4502,석촌동주민센터 화장실,서울특별시 송파구 석촌동 265,37.495931,127.12170800000001,toilet/open,10601
4503,삼전동주민센터 화장실,서울특별시 송파구 삼전동 62,37.502635,127.12784099999999,toilet/open,10602
4504,가락본동주민센터 화장실,서울특별시 송파구 가락본동 77-3,37.493479,127.11148700000001,toilet/open,10603
4505,가락1동주민센터 화장실,서울특별시 송파구 가락1동 479,37.516474,127.072985,toilet/open,10604
4506,가락2동주민센터 화장실,서울특별시 송파구 가락2동 154,37.507311,127.093828,toilet/open,10605
4507,문정1동주민센터 화장실,서울특별시 송파구 문정1동 29-21,37.519736,127.13654199999999,toilet/open,10606
4508,문정2동주민센터 화장실,서울특별시 송파구 문정2동 150-38,37.494166,127.151797,toilet/open,10607
4509,장지동주민센터 화장실,서울특별시 송파구 문정동 114-4,37.502708,127.09276100000001,toilet/open,10608
4511,잠실2동주민센터 화장실,서울특별시 송파구 잠실2동 22,37.519203999999995,127.127499,toilet/open,10609
4512,잠실3동주민센터 화장실,서울특별시 송파구 잠실3동 27-4,37.516789,127.12506100000002,toilet/open,10610
4513,잠실4동주민센터 화장실,서울특별시 송파구 잠실4동 20-5,37.517016999999996,127.12603200000001,toilet/open,10611
4514,잠실6동주민센터 화장실,서울특별시 송파구 잠실6동 7-6,37.506786,127.098228,toilet/open,10612
4515,잠실7동주민센터 화장실,서울특별시 송파구 잠실7동 85-1,37.508691,127.09774099999998,toilet/open,10613
4516,송파경찰서 화장실,서울특별시 송파구 가락동 9-6,37.512153999999995,127.107704,toilet/open,10614
4517,강동세무서 화장실,서울특별시 송파구 풍납2동 388-6,37.500485999999995,127.14109199999999,toilet/open,10615
4518,송파세무서 화장실,서울특별시 송파구 풍납2동 388-6,37.498298999999996,127.150577,toilet/open,10616
4519,마천지구대 화장실,서울특별시 송파구 마천2동 127-8,37.5035,127.09726699999999,toilet/open,10617
4520,방이지구대 화장실,서울특별시 송파구 방이1동 204-8,37.499488,127.101729,toilet/open,10618
4521,잠실지구대 화장실,서울특별시 송파구 잠실본동 230-3,37.502534999999995,127.11634,toilet/open,10619
4522,가락지구대 화장실,서울특별시 송파구 가락본동 37,37.504594,127.077357,toilet/open,10620
4523,문정지구대 화장실,서울특별시 송파구 문정1동 92,37.501877,127.13795900000001,toilet/open,10621
4524,삼전지구대 화장실,서울특별시 송파구 삼전동 62-3,37.506104,127.083624,toilet/open,10622
4525,새울빌딩 화장실,서울특별시 금천구 독산4동 287-7,37.4705467,126.88102920000001,toilet/open,10623
4526,올림픽공원-제1체육관(체조) 화장실,서울특별시 송파구 오륜동 88-2,37.512107,127.082406,toilet/open,10624
4527,올림픽공원-제2체육관(펜싱) 화장실,서울특별시 송파구 오륜동 88-2,37.493581,127.13823700000002,toilet/open,10625
4528,올림픽공원-제3체육관(역도) 화장실,서울특별시 송파구 오륜동 88-2,37.490682,127.142822,toilet/open,10626
4529,올림픽공원-경륜장(벨로드룸) 화장실,서울특별시 송파구 오륜동 88-2,37.501925,127.10226599999999,toilet/open,10627
4530,올림픽공원-수영경기장 화장실,서울특별시 송파구 오륜동 88-2,37.50078,127.131782,toilet/open,10628
4531,올림픽공원-올림픽홀 화장실,서울특별시 송파구 오륜동 88-2,37.502534999999995,127.137391,toilet/open,10629
4532,올림픽공원-올림픽미술관 화장실,서울특별시 송파구 오륜동 88-2,37.478765,127.11699399999999,toilet/open,10630
4533,올림픽공원-컨벤션센터 화장실,서울특별시 송파구 오륜동 88-2,37.501298,127.11888400000001,toilet/open,10631
4534,올림픽회관 화장실,서울특별시 송파구 오륜동 88-2,37.527248,127.11768799999999,toilet/open,10632
4535,선수촌올림픽스포츠센타 화장실,서울특별시 송파구 오륜동 88-2,37.502331,127.12300400000001,toilet/open,10633
4536,올림픽공원-중앙공급실 화장실,서울특별시 송파구 오륜동 88-2,37.507264,127.09416100000001,toilet/open,10634
4537,올림픽공원-경륜장(옥외화장실) 화장실,서울특별시 송파구 오륜동 88-2,37.503099,127.07886200000002,toilet/open,10635
4538,올림픽공원-수영장(옥외화장실) 화장실,서울특별시 송파구 오륜동 88-2,37.49355,127.146817,toilet/open,10636
4539,올림픽공원-피크닉장(옥외화장실) 화장실,서울특별시 송파구 오륜동 88-2,37.502193,127.116799,toilet/open,10637
4540,올림픽공원-북2문 화장실,서울특별시 송파구 오륜동 88-2,37.490909,127.158144,toilet/open,10638
4541,올림픽공원-에어돔(옥외화장실) 화장실,서울특별시 송파구 오륜동 88-2,37.529058,127.11038300000001,toilet/open,10639
4542,올림픽공원-P1주차장(옥외화장실) 화장실,서울특별시 송파구 오륜동 88-2,37.533822,127.12117099999999,toilet/open,10640
4548,영진빌딩 화장실,서울특별시 금천구 독산3동 159-23,37.4715436,126.88126559999999,toilet/open,10641
4549,남문시장 화장실,서울특별시 금천구 독산3동 984-10,37.4737591,126.8829029,toilet/open,10642
4550,삼주물산 화장실,서울특별시 금천구 독산3동 954,37.4776571,126.8817333,toilet/open,10643
4551,농협관악지점 화장실,서울특별시 금천구 독산3동 951,37.4793528,126.88521670000002,toilet/open,10644
4552,미도빌딩 화장실,서울특별시 금천구 독산1동 145-15,37.4759294,126.8805365,toilet/open,10645
4553,삼일빌딩 화장실,서울특별시 금천구 독산1동 148-17,37.4733373,126.87804550000001,toilet/open,10646
4554,효연빌딩 화장실,서울특별시 금천구 가산동 151-30,37.4761203,126.87561559999999,toilet/open,10647
4555,건국빌딩 화장실,서울특별시 금천구 독산1동 288-1,37.4711625,126.88011470000001,toilet/open,10648
4556,새한벤처월드 화장실,서울특별시 금천구 시흥1동 113-15,37.458539200000004,126.88063570000001,toilet/open,10649
4557,금천구청 화장실,서울특별시 금천구 시흥동 1020,37.4567829,126.88664569999999,toilet/open,10650
4558,가산동 주민센터 화장실,서울특별시 금천구 가산동 144-3,37.476868200000006,126.8830013,toilet/open,10651
4559,독산1동 주민센터 화장실,서울특별시 금천구 독산동 289-5,37.4701912,126.8882753,toilet/open,10652
4560,독산1동 분소 화장실,서울특별시 금천구 독산동 1088-3,37.4579178,126.8790119,toilet/open,10653
4561,독산2동 주민센터 화장실,서울특별시 금천구 독산동 1035-13,37.4660933,126.8909841,toilet/open,10654
4562,독산3동 주민센터 화장실,서울특별시 금천구 독산동 973-17,37.475137,126.8944592,toilet/open,10655
4563,독산4동 주민센터 화장실,서울특별시 금천구 독산동 1022,37.4674311,126.8933803,toilet/open,10656
4564,시흥1동 주민센터 화장실,서울특별시 금천구 시흥동 886-6,37.4535401,126.8944932,toilet/open,10657
4565,시흥2동 주민센터 화장실,서울특별시 금천구 시흥2동 267-9,37.4496493,126.90570829999999,toilet/open,10658
4566,시흥3동 주민센터 화장실,서울특별시 금천구 시흥동 956-3,37.4402328,126.89704809999999,toilet/open,10659
4567,시흥4동 주민센터 화장실,서울특별시 금천구 시흥동 812-38,37.45896629999999,126.89741609999999,toilet/open,10660
4568,시흥5동 주민센터 화장실,서울특별시 금천구 시흥동 832-14,37.4523731,126.89954080000001,toilet/open,10661
4569,가산동 공영주차장 화장실,서울특별시 금천구 가산동 148-28,37.4766434,126.8868057,toilet/open,10662
4570,가산정보 도서관 화장실,서울특별시 금천구 가산동 235-3,37.4734666,126.8833726,toilet/open,10663
4571,독산1동 공영주차장 화장실,서울특별시 금천구 독산동 1006-94,37.4649091,126.8860344,toilet/open,10664
4572,독산2동 공영주차장 화장실,서울특별시 금천구 독산동 1050-17,37.4638407,126.8912794,toilet/open,10665
4573,독산3동 공영주차장 화장실,서울특별시 금천구 독산동 898-28,37.479282,126.8975982,toilet/open,10666
4574,구룡공영주차장 화장실,서울특별시 금천구 독산동 964,37.4778527,126.8939706,toilet/open,10667
4575,금천구민문화체육센터 화장실,서울특별시 금천구 독산동 371-2,37.4702421,126.89830990000002,toilet/open,10668
4576,금천구립도서관 화장실,서울특별시 금천구 독산동 375-2,37.467464299999996,126.89929540000001,toilet/open,10669
4577,금빛공원 휘트니스센터 화장실,서울특별시 금천구 시흥동 893,37.452602899999995,126.89554550000001,toilet/open,10670
4578,서울시립금천청소년수련관 화장실,서울특별시 금천구 시흥동 산84-7,37.4483861,126.90678999999999,toilet/open,10671
4579,시흥3동공영주차장 화장실,서울특별시 금천구 시흥동 942-5,37.4429674,126.89713710000001,toilet/open,10672
4580,금천구 시설관리공단 화장실,서울특별시 금천구 시흥동 985-26,37.4457296,126.89388170000001,toilet/open,10673
4581,시흥계곡 화장실,서울특별시 금천구 시흥5동 산73-1,37.4483015,126.9039545,toilet/open,10674
4582,효봉공영주차장 화장실,서울특별시 금천구 시흥동 3-145,37.4621029,126.90181609999999,toilet/open,10675
4583,삼성공영주차장 화장실,서울특별시 금천구 시흥동 171-4,37.4547684,126.9004453,toilet/open,10676
4584,시흥4동 공영주차장 화장실,서울특별시 금천구 시흥동 704-56,37.459702899999996,126.9002888,toilet/open,10677
4585,1호선 금천구청역 화장실,서울특별시 금천구 시흥동 113-55,37.4558127,126.8856088,toilet/open,10678
4586,1호선 독산역 화장실,서울특별시 금천구 가산동 717,37.465657,126.88103829999999,toilet/open,10679
4587,1호선 가산디지털단지역 화장실,서울특별시 금천구 가산동 468-4,37.48227070000001,126.8734284,toilet/open,10680
4589,가산우체국 화장실,서울특별시 금천구 가산동 146-61,37.478413700000004,126.88504409999999,toilet/open,10681
4590,구로세관 화장실,서울특별시 금천구 가산동 319-25,37.471919299999996,126.8758764,toilet/open,10682
4591,가산문화센터 화장실,서울특별시 금천구 가산동 345-58,37.4761293,126.874958,toilet/open,10683
4592,금천세무서 화장실,서울특별시 금천구 독산동 953-9,37.4779901,126.8910166,toilet/open,10684
4593,금천우체국 화장실,서울특별시 금천구 시흥동 967-1,37.4350456,126.8947281,toilet/open,10685
4594,서울시흥동우체국 화장실,서울특별시 금천구 시흥동 993-2,37.453162899999995,126.8919138,toilet/open,10686
4595,금천노인종합복지관 화장실,서울특별시 금천구 시흥동 558-1,37.450179999999996,126.88905179999999,toilet/open,10687
4596,kt 금천전화국 화장실,서울특별시 금천구 시흥동 985-14,37.446391799999994,126.8942675,toilet/open,10688
4597,남부여성발전센터 화장실,서울특별시 금천구 시흥동 산139-2,37.463094500000004,126.89717959999999,toilet/open,10689
4598,성부주유소 화장실,서울특별시 금천구 가산동 142-13,37.478553000000005,126.89215,toilet/open,10690
4599,동남주유소 화장실,서울특별시 금천구 독산1동 1001-5,37.466766,126.88966299999998,toilet/open,10691
4600,㈜태영유업 화장실,서울특별시 금천구 독산3동 967,37.476799,126.89911000000001,toilet/open,10692
4601,KH에너지㈜직영 시흥대로 주유소 화장실,서울특별시 금천구 시흥1동 993,37.453441999999995,126.900618,toilet/open,10693
4602,SK네트웍스㈜ 박미주유소 화장실,서울특별시 금천구 시흥3동 980,37.43725,126.90264599999999,toilet/open,10694
4603,일신주유소 화장실,서울특별시 금천구 시흥3동 939-4,37.444398,126.90424399999999,toilet/open,10695
4604,SK네트웍스㈜ 순환도로주유소 화장실,서울특별시 금천구 독산3동 900-4,37.480247,126.90736299999999,toilet/open,10696
4605,백운주유소 화장실,서울특별시 금천구 독산2동 1077-3,37.45884,126.89941999999999,toilet/open,10697
4606,백산주유소 화장실,서울특별시 금천구 시흥1동 904,37.449557,126.903021,toilet/open,10698
4607,금천주유소 화장실,서울특별시 금천구 시흥1동 841-16,37.454265,126.905801,toilet/open,10699
4608,주식회사 명보에너지 화장실,"서울특별시 금천구 독산1동 292-7,12,29,39",37.467188,126.897154,toilet/open,10700
4609,SK네트웍스㈜ 이가주유소 화장실,서울특별시 금천구 독산1동 150-6,37.472947,126.8979,toilet/open,10701
4610,동광석유㈜ 구광주유소 화장실,서울특별시 금천구 가산동 535-155,37.481897,126.875184,toilet/open,10702
4611,경복에너지 화장실,서울특별시 금천구 시흥1동 860-36,37.4605,126.904623,toilet/open,10703
4612,대득에너지(금천셀프주유소) 화장실,서울특별시 금천구 시흥3동983-1외 2필지,37.441471,126.903104,toilet/open,10704
4613,중앙에너비스㈜ 삼중가스지점 화장실,서울특별시 금천구 독산2동 1059,37.461709,126.898375,toilet/open,10705
4617,은행공원화장실 화장실,서울특별시 금천구 시흥동 836,37.452028000000006,126.907117,toilet/open,10706
4626,다목적광장화장실 화장실,서울특별시 금천구 독산동 971,37.476376,126.901872,toilet/open,10707
4627,금천체육공원화장실 화장실,서울특별시 금천구 독산동 산198-3,37.467762,126.90966,toilet/open,10708
4628,금천체육공원1화장실 화장실,서울특별시 금천구 독산동 374,37.467569,126.90901299999999,toilet/open,10709
4629,호압사화장실 화장실,서울특별시 금천구 시흥동 234,37.452329999999996,126.92528899999999,toilet/open,10710
4630,산기슭공원화장실 화장실,서울특별시 금천구 시흥동 산138-3,37.463615999999995,126.907404,toilet/open,10711
4631,대명시장 화장실,서울특별시 금천구 시흥1동 885-2,37.4540506,126.88483259999998,toilet/open,10712
4632,현대시장 화장실,서울특별시 금천구 시흥1동 848-31,37.4577242,126.8872758,toilet/open,10713
4633,금빛공원 화장실,서울특별시 금천구 시흥1동 893-1,37.452710499999995,126.88704820000001,toilet/open,10714
4636,금조빌딩 화장실,서울특별시 금천구 가산동 150-2,37.4557794,126.8821975,toilet/open,10715
4637,고려테크온 화장실,서울특별시 금천구 가산동 715,37.465779600000005,126.87086770000002,toilet/open,10716
4638,재능유통 화장실,서울특별시 금천구 가산동 459-11,37.4817722,126.86427990000001,toilet/open,10717
4639,시흥빌딩 화장실,서울특별시 금천구 시흥1동 986-4,37.447970700000006,126.885065,toilet/open,10718
4640,석수상가 화장실,서울특별시 금천구 시흥3동 979-3,37.4342741,126.88635990000002,toilet/open,10719
4641,일오삼플레이스 화장실,서울특별시 금천구 시흥1동 904-22,37.4488924,126.8857364,toilet/open,10720
4642,대명여울빛시장 화장실,서울특별시 금천구 시흥1동 886-16,37.4532836,126.88540549999999,toilet/open,10721
4643,농협금천지점 화장실,서울특별시 금천구 시흥5동 251-3,37.4507752,126.8927173,toilet/open,10722
4644,농협독산지점 화장실,서울특별시 금천구 독산2동 1054-28,37.463599200000004,126.8803207,toilet/open,10723
4645,벧엘감리교회 화장실,서울특별시 금천구 독산4동 1022-83,37.46701470000001,126.8845413,toilet/open,10724
4897,정금(현충) 화장실,서울특별시 동작구 동작동 산10-2,37.494990499400004,126.976207533,toilet/small,10725
4924,달마사입구(현충) 화장실,서울특별시 동작구 흑석동 256-84,37.4987278175,126.96216990200001,toilet/small,10726
4925,까치산 화장실,서울특별시 동작구 사당동 산44-23,37.479400942699996,126.96734416299999,toilet/small,10727
4926,장승배드민턴장(상도) 화장실,서울특별시 동작구 상도동 산65-221,37.494030853299996,126.942111771,toilet/small,10728
4927,초소앞(상도) 화장실,서울특별시 동작구 상도동 산65-235,37.492402334,126.943144301,toilet/small,10729
4928,공원관리사무소 (대방공원) 화장실,서울특별시 동작구 대방동 23-176,37.5102271087,126.928540235,toilet/open,10730
4929,대방배수지 주차장(대방공원) 화장실,서울특별시 동작구 대방동 23-189,37.5084387381,126.927266145,toilet/open,10731
4930,고구동산 화장실,서울특별시 동작구 본동 126-450,37.5082901473,126.95439722399999,toilet/open,10732
4931,송학대 화장실,서울특별시 동작구 노량진동 325-2,37.5087216441,126.943751729,toilet/open,10733
4932,벽천(성남고후문) 화장실,서울특별시 동작구 대방동 350-2,37.5068310672,126.926815305,toilet/open,10734
4934,삼일공원(경로당) 화장실,서울특별시 동작구 사당동 산24-17,37.485861143499996,126.97454154100001,toilet/open,10735
4935,노들나루 화장실,서울특별시 동작구 본동 258-1,37.5137210973,126.953615721,toilet/open,10736
4936,도화 화장실,서울특별시 동작구 상도4동 244-183,37.4997830544,126.93549387,toilet/open,10737
4938,달마(현충) 화장실,서울특별시 동작구 흑석동 산59-2,37.4983341405,126.95963695,toilet/small,10738
7553,이태원1 화장실,서울특별시 용산구 이태원동 34-114,37.534454,126.98883400000001,toilet/open,10739
7554,이태원2 화장실,서울특별시 용산구 이태원동 261-5,37.543063000000004,126.99014299999999,toilet/open,10740
7555,이태원3 화장실,서울특별시 용산구 이태원동 72-47,37.534169,126.99237099999999,toilet/open,10741
7556,후암4 화장실,서울특별시 용산구 후암동 103-9,37.550428000000004,126.97621200000002,toilet/open,10742
7557,모자원 화장실,서울특별시 용산구 용산동2가 1-1883,37.545499,126.98400600000001,toilet/open,10743
7558,이촌로 화장실,서울특별시 용산구 한강로3가 40-900,37.523158,126.961087,toilet/open,10744
7559,철길담장 옆 화장실,서울특별시 용산구 한강로2가 2-341,37.531684999999996,126.968651,toilet/open,10745
7813,삼융주유소 화장실,서울특별시 은평구 수색동 379-8,37.583929,126.8911308,toilet/open,10746
7863,에이스빌딩 화장실,서울특별시 강서구 등촌3동 668-10,37.5582986258,126.843900879,toilet/open,10747
7864,화인빌딩 화장실,서울특별시 강서구 등촌3동 673-5,37.5589813559,126.839698265,toilet/open,10748
7865,에이스테크노타워 화장실,서울특별시 강서구 등촌3동 684-1,37.5671864411,126.84149174,toilet/open,10749
7866,우리벤처타운 화장실,서울특별시 강서구 등촌3동 684-2,37.5668980323,126.841424436,toilet/open,10750
7867,하바나빌딩 화장실,서울특별시 강서구 발산1동 644-2,37.5581101453,126.83775801,toilet/open,10751
7868,벽산에어트리움 화장실,서울특별시 강서구 방화2동 849,37.5504957394,126.87384271299999,toilet/open,10752
7869,양서빌딩 화장실,서울특별시 강서구 방화2동 534-9,37.5511640297,126.87530370200001,toilet/open,10753
7870,리빙프라자(강서본점) 화장실,서울특별시 강서구 염창동 277 1층,37.5491750559,126.86904226700001,toilet/open,10754
7871,롯데리아 까치산역점 화장실,서울특별시 강서구 화곡1동 343-60,37.532497511799995,126.84380532600001,toilet/open,10755
7916,리빙프라자(목동점) 화장실,서울특별시 강서구 화곡4동 782-4,37.5457520327,126.860280726,toilet/open,10756
7935,GS칼텍스㈜서부지점 화장실,서울특별시 은평구 응암동 576-39,37.590707,126.91758700000001,toilet/open,10757
7936,갈현베르빌 화장실,서울특별시 은평구 갈현동 465-12,37.612154,126.91685700000001,toilet/open,10758
7937,갈현주유소 화장실,서울특별시 은평구 갈현동 506-5,37.615361,126.9128493,toilet/open,10759
7938,갈현초등학교 화장실,서울특별시 은평구 갈현동 451-15,37.619215999999994,126.91668600000001,toilet/open,10760
7939,불광지구대 화장실,서울특별시 은평구 불광동 423-16,37.621387,126.9265642,toilet/open,10761
7940,VIP오피스텔 화장실,서울특별시 강서구 화곡6동 1107,37.5548303781,126.854229429,toilet/open,10762
7941,대지산업빌딩 화장실,서울특별시 강서구 화곡6동 1125-15,37.5545432129,126.85516705200001,toilet/open,10763
7942,삼보프라자 화장실,서울특별시 강서구 화곡6동 1116-3,37.5532696756,126.851199514,toilet/open,10764
7943,화곡빌딩 화장실,서울특별시 강서구 화곡1동 1075,37.554417750700004,126.861744835,toilet/open,10765
7944,롯데리아 화곡시장점 화장실,서울특별시 강서구 화곡1동 373-12,37.5345329095,126.83781815100001,toilet/open,10766
7945,한국맥도널드 송정역점 화장실,서울특별시 강서구 공항동 45-38,37.557455814899996,126.838922881,toilet/open,10767
7946,VIPS 화장실,서울특별시 강서구 등촌3동 669-0,37.558541409200004,126.84218006799999,toilet/open,10768
7947,송화시장진흥협동조합 화장실,서울특별시 강서구 발산1동 723-10,37.5487694807,126.83578206,toilet/open,10769
7948,맥도널드 우장산점 화장실,서울특별시 강서구 화곡동 1026,37.545102895300005,126.837428625,toilet/open,10770
7949,강서사랑나눔 푸드마켓 화장실,서울특별시 강서구 공항동 51-42,37.5603627764,126.808946385,toilet/open,10771
7950,동아그린프라자 화장실,서울특별시 강서구 염창동 258-1,37.5502508075,126.87739652,toilet/open,10772
7951,유정빌딩 화장실,서울특별시 강서구 화곡6동 1118-3,37.5518709144,126.850871845,toilet/open,10773
7952,약사사 화장실,서울특별시 강서구 개화동 332-2,37.5831262517,126.805007214,toilet/open,10774
7953,대은교회 화장실,서울특별시 강서구 화곡1동 425-25,37.534376828,126.856450616,toilet/open,10775
7954,남부골목시장 화장실,서울특별시 강서구 화곡4동 801-9,37.5331809793,126.86001906899999,toilet/open,10776
7955,까치산시장 고객만족센터 화장실,서울특별시 강서구 화곡8동 342-16,37.531529727199995,126.84786217799999,toilet/open,10777
7956,화곡중앙골목시장 고객지원센터 화장실,서울특별시 강서구 화곡1동 362-144,37.5348848027,126.83950547,toilet/open,10778
7957,가양현대주유소 화장실,서울특별시 강서구 가양1동 58-2,37.566442594499996,126.845857918,toilet/open,10779
7958,SK가양주유소 화장실,서울특별시 강서구 가양1동 151-1,37.5697351086,126.841979868,toilet/open,10780
7959,세원 제일주유소 화장실,서울특별시 강서구 가양1동 272-31,37.570497465,126.838075259,toilet/open,10781
7960,박물관주유소 화장실,서울특별시 강서구 가양1동 26-1,37.5675006753,126.850301899,toilet/open,10782
7961,국제공항(U턴)주유소 화장실,서울특별시 강서구 공항동 61-100외 1필지,37.546879199,126.824515443,toilet/open,10783
7962,청룡주유소 화장실,서울특별시 강서구 등촌1동 631-7,37.5567254599,126.86273651299999,toilet/open,10784
7963,경서에너지 공항로충전소 화장실,서울특별시 강서구 등촌2동 269-8,37.5533400766,126.858632385,toilet/open,10785
7964,GS칼텍스강서열린주유소 화장실,서울특별시 강서구 등촌2동 510-13,37.5487357054,126.862986545,toilet/open,10786
7965,등촌주유소 화장실,서울특별시 강서구 등촌2동 511-5,37.5468610809,126.86251470299999,toilet/open,10787
7966,대성주유소 화장실,서울특별시 강서구 등촌3동 684,37.5674710817,126.841436805,toilet/open,10788
7967,김포공항주유소 화장실,서울특별시 강서구 외발산동 423-2,37.5509439506,126.81471928299999,toilet/open,10789
7968,발산(오성)주유소 화장실,"서울특별시 강서구 발산1동 701-7,8",37.5517861684,126.835888609,toilet/open,10790
7969,관문주유소 화장실,서울특별시 강서구 우장산동 648-3,37.5578425222,126.84239431399999,toilet/open,10791
7970,우장산주유소 화장실,서울특별시 강서구 우장산동 702-5,37.5516753931,126.83657238299999,toilet/open,10792
7971,개화주유소 화장실,서울특별시 강서구 방화1동 488-1,37.5531236229,126.87438149799999,toilet/open,10793
7972,방화주유소 화장실,서울특별시 강서구 방화1동 609-59,37.5655617105,126.812437424,toilet/open,10794
7973,에어포트주유소 화장실,서울특별시 강서구 방화2동 645-6,37.566293797600004,126.80604264,toilet/open,10795
7974,강동주유소 화장실,"서울특별시 강서구 염창동 252-14,15",37.5498163924,126.875545856,toilet/open,10796
7975,진일주유소 화장실,서울특별시 강서구 염창동 274-18,37.5511389244,126.865562348,toilet/open,10797
7976,염창동주유소 화장실,서울특별시 강서구 염창동 263-8,37.548984048099996,126.87571472200001,toilet/open,10798
7977,양화교주유소 화장실,서울특별시 강서구 염창동 283-4,37.5473388147,126.87742844799999,toilet/open,10799
7978,대흥에너지산업㈜ 화장실,"서울특별시 강서구 화곡1동 898-3,4",37.533668125300004,126.843286964,toilet/open,10800
7979,신화곡주유소 화장실,서울특별시 강서구 화곡1동 931-11,37.5295805274,126.856966649,toilet/open,10801
7980,뉴신정주유소 화장실,서울특별시 강서구 화곡2동 862-16,37.5315615971,126.856035141,toilet/open,10802
7981,목화주유소 화장실,서울특별시 강서구 화곡4동 785-2,37.5300560095,126.86283518,toilet/open,10803
7982,경인고속주유소 화장실,서울특별시 강서구 화곡4동 843-4,37.5296452353,126.85983561100001,toilet/open,10804
7983,하이웨이주유소 화장실,서울특별시 강서구 화곡6동 1125,37.554539342199995,126.854949769,toilet/open,10805
7984,해바라기주유소 화장실,서울특별시 강서구 화곡6동 983-1,37.5492782519,126.846966065,toilet/open,10806
7985,화곡역주유소 화장실,"서울특별시 강서구 화곡1동 402-1,2",37.551908581,126.830696198,toilet/open,10807
7986,현대주유소 화장실,서울특별시 강서구 화곡본동 1076-14,37.5520206546,126.83094038700001,toilet/open,10808
7987,스카이주유소 화장실,"서울특별시 강서구 방화2동 523-8,22",37.5715206664,126.80452582299999,toilet/open,10809
7988,방화제1화장실 화장실,서울특별시 강서구 방화동 620-191외 2필지,37.5625854553,126.808343098,toilet/open,10810
7989,방화제2화장실 화장실,서울특별시 강서구 방화동 612-52,37.5636703298,126.808390121,toilet/open,10811
7990,무인화장실 화장실,서울특별시 강서구 방화동 829-9,37.5779164564,126.812637381,toilet/open,10812
7991,에어포트 비즈니스 센터 화장실,서울특별시 강서구 공항동 42-4,37.554751301399996,126.860368044,toilet/open,10813
8001,경우회관 화장실,서울특별시 은평구 녹번동 162-42,37.603094,126.922266,toilet/open,10814
8002,경인주유소 화장실,서울특별시 은평구 녹번동 81-15,37.604122,126.925354,toilet/open,10815
8003,구산중학교 화장실,서울특별시 은평구 구산동 산34,37.609711,126.908896,toilet/open,10816
8004,구산초등학교 화장실,서울특별시 은평구 구산동 152-3,37.6124476,126.909302,toilet/open,10817
8005,구산치안센터 화장실,서울특별시 은평구 구산동 14-10,37.611452,126.911124,toilet/open,10818
8006,한국환경정책평가연구원 화장실,서울특별시 은평구 불광동 613-1,37.610292,126.932027,toilet/open,10819
8007,그린빌딩 화장실,서울특별시 은평구 역촌동 54-8,37.605326,126.91026200000002,toilet/open,10820
8008,남창빌딩 화장실,서울특별시 은평구 응암동 600-2,37.589347,126.9167551,toilet/open,10821
8009,녹번시장 화장실,서울특별시 은평구 응암동 74-7,37.600627,126.930466,toilet/open,10822
8010,녹번주유소 화장실,서울특별시 은평구 녹번동 59-1,37.600482,126.9363315,toilet/open,10823
8011,녹번파출소 화장실,서울특별시 은평구 녹번동 115-2,37.609006,126.932351,toilet/open,10824
8012,다회주유소 화장실,서울특별시 은평구 신사동 34-37,37.595607,126.91445800000001,toilet/open,10825
8013,삼성주유소 화장실,서울특별시 은평구 신사동 338-1,37.590131,126.91279399999999,toilet/open,10826
8014,대림한숲타운 화장실,서울특별시 은평구 수색동 415-1,37.586651,126.89992600000001,toilet/open,10827
8015,은평등기소 화장실,서울특별시 은평구 응암동 95-1,37.600103999999995,126.927371,toilet/open,10828
8016,대성고등학교 화장실,서울특별시 은평구 갈현동 산53-1,37.622499,126.908199,toilet/open,10829
8017,대성주유소 화장실,서울특별시 은평구 녹번동 19-38,37.6039651,126.93529129999999,toilet/open,10830
8020,대조치안센터 화장실,서울특별시 은평구 대조동 5-17,37.611102,126.92895700000001,toilet/open,10831
8021,대한생명빌딩 화장실,서울특별시 은평구 불광동 272-51,37.611826,126.929354,toilet/open,10832
8022,덕산중학교 화장실,서울특별시 은평구 신사동 265-4,37.601847,126.90447990000001,toilet/open,10833
8023,동명여자정보산업고등학교 화장실,서울특별시 은평구 대조동 91-20,37.614067,126.92411200000001,toilet/open,10834
8024,롯데리아(응암5거리) 화장실,서울특별시 은평구 응암동 598-4,37.587875,126.91631399999999,toilet/open,10835
8025,롯데리아구산점 화장실,서울특별시 은평구 역촌동 1-2,37.610728,126.91756799999999,toilet/open,10836
8026,롯데리아불광점 화장실,서울특별시 은평구 대조동 6-5,37.611359,126.92848899999998,toilet/open,10837
8027,맥도날드연신내점 화장실,서울특별시 은평구 갈현동 456-28,37.617616999999996,126.919201,toilet/open,10838
8028,무궁화주유소 화장실,"서울특별시 은평구 응암동 594-1,98",37.586727,126.915878,toilet/open,10839
8029,박석고개주유소 화장실,서울특별시 은평구 갈현동 1-6,37.627313,126.919242,toilet/open,10840
8030,진관초등학교 화장실,서울특별시 은평구 진관동 14-13,37.645053999999995,126.92912700000001,toilet/open,10841
8031,보광빌딩 화장실,서울특별시 은평구 불광동 291-92,37.615494,126.92550700000001,toilet/open,10842
8032,북한산초등학교 화장실,서울특별시 은평구 진관동 산3,37.652335,126.95231100000001,toilet/open,10843
8033,불광1치안센터 화장실,서울특별시 은평구 불광동 13-67,37.618229,126.93294399999999,toilet/open,10844
8034,불광3치안센터 화장실,서울특별시 은평구 불광동 481-88,37.624483000000005,126.920178,toilet/open,10845
8035,불광미성상가 화장실,서울특별시 은평구 불광동 248,37.614871,126.928269,toilet/open,10846
8036,불광주유소 화장실,서울특별시 은평구 불광동 105-118,37.623247,126.927865,toilet/open,10847
8037,불광중학교 화장실,서울특별시 은평구 불광2동 173,37.623128,126.93163899999999,toilet/open,10848
8039,삼표수색주유소 화장실,서울특별시 은평구 증산동 222-3,37.579021999999995,126.90119299999999,toilet/open,10849
8040,상신중학교 화장실,서울특별시 은평구 신사2동 141,37.590037,126.906663,toilet/open,10850
8041,상신초등학교 화장실,서울특별시 은평구 신사동 산55,37.597833,126.903849,toilet/open,10851
8042,서대문세무서별관 화장실,서울특별시 은평구 응암동 84-5,37.601752000000005,126.926328,toilet/open,10852
8043,서부경찰서 화장실,서울특별시 은평구 녹번동 177-15,37.602103,126.921283,toilet/open,10853
8044,응암1센터 화장실,서울특별시 은평구 응암동 98-74,37.5999476,126.923375,toilet/open,10854
8045,서부동산교회 화장실,서울특별시 은평구 증산동 210-10,37.581755,126.904379,toilet/open,10855
8046,서부병원 화장실,서울특별시 은평구 응암동 87-14,37.600696,126.92256100000002,toilet/open,10856
8047,서부장애인종합복지관 화장실,서울특별시 은평구 구산동 191-1,37.605164,126.90728600000001,toilet/open,10857
8048,서신초등학교 화장실,서울특별시 은평구 신사동 194,37.592353,126.907496,toilet/open,10858
8049,서오릉주유소 화장실,서울특별시 은평구 구산동 304-1,37.61784960000001,126.90586299999998,toilet/open,10859
8050,서울갈현동우체국 화장실,서울특별시 은평구 갈현동 489-5,37.613655,126.912531,toilet/open,10860
8052,대은초등학교 화장실,서울특별시 은평구 대조동 82,37.612203,126.92615500000001,toilet/open,10861
8053,서울병원 화장실,서울특별시 은평구 대조동 15-123,37.608784,126.93073659999999,toilet/open,10862
8054,서울불광우체국 화장실,서울특별시 은평구 대조동 84-113,37.612811,126.926724,toilet/open,10863
8056,서울수색동우체국 화장실,서울특별시 은평구 수색동 101-7,37.5817114,126.896557,toilet/open,10864
8058,서울연신내우체국 화장실,서울특별시 은평구 불광동 123-11,37.622403999999996,126.92731709999998,toilet/open,10865
8059,서울연은초등학교 화장실,서울특별시 은평구 응암3동 334-12,37.589307,126.919192,toilet/open,10866
8060,서울응암우체국 화장실,서울특별시 은평구 응암동 576-37,37.590951000000004,126.91762800000001,toilet/open,10867
8061,서울응암초등학교 화장실,서울특별시 은평구 응암3동 산7-40,37.588237,126.921449,toilet/open,10868
8062,서울중앙교회 화장실,서울특별시 은평구 응암동 697-3,37.584876,126.918384,toilet/open,10869
8063,시립서북병원 화장실,서울특별시 은평구 역촌동 산31,37.604110999999996,126.904504,toilet/open,10870
8064,시립은평병원 화장실,서울특별시 은평구 응암동 산6,37.595099299999994,126.925903,toilet/open,10871
8065,시립은평청소년수련관 화장실,서울특별시 은평구 응암동 산6-46,37.594206,126.924851,toilet/open,10872
8066,은평종합복지관 화장실,서울특별시 은평구 수색동 8-15,37.585023,126.89930859999998,toilet/open,10873
8067,신사종합복지관 화장실,서울특별시 은평구 신사동 26-18,37.597983,126.91219299999999,toilet/open,10874
8068,녹번종합복지관 화장실,서울특별시 은평구 녹번동 산28-6,37.602712,126.93181799999999,toilet/open,10875
8069,은평구립도서관 화장실,서울특별시 은평구 불광동 산59-32,37.618896,126.927996,toilet/open,10876
8070,갈현1동주민센터 화장실,서울특별시 은평구 갈현동 436-14,37.6236469,126.91671299999999,toilet/open,10877
8071,갈현2동주민센터 화장실,서울특별시 은평구 갈현동 502-3,37.618559000000005,126.91581200000002,toilet/open,10878
8072,탑골생태공원 화장실 화장실,서울특별시 은평구 진관동 387,37.638103,126.91386299999999,toilet/open,10879
8073,구파발폭포 화장실 화장실,서울특별시 은평구 진관동 393,37.636738,126.91933200000001,toilet/open,10880
8074,장미테니스장 화장실,서울특별시 은평구 녹번동 산1-55,37.6084167,126.938645,toilet/open,10881
8075,뉴타운1지구 공원관리 화장실 화장실,서울특별시 은평구 진관동 15-19,37.644095,126.92875500000001,toilet/open,10882
8076,진관배수지 공원관리 화장실 화장실,서울특별시 은평구 진관동 246-20,37.629991,126.91650700000001,toilet/open,10883
8077,구산동주민센터 화장실,서울특별시 은평구 구산동 27-5,37.611733,126.910328,toilet/open,10884
8078,녹번동주민센터 화장실,서울특별시 은평구 녹번동 84,37.602456,126.929387,toilet/open,10885
8081,불광제1동 청사 화장실,서울특별시 은평구 불광1동 613-1,37.610337,126.93204899999999,toilet/open,10886
8082,불광2동 주민센터 화장실,서울특별시 은평구 불광동 81-2,37.626368,126.92726499999999,toilet/open,10887
8083,수색동주민센터 화장실,서울특별시 은평구 수색동 136-50,37.584142,126.897506,toilet/open,10888
8085,신사2동주민센터 화장실,서울특별시 은평구 신사2동 163-17,37.590253000000004,126.908387,toilet/open,10889
8087,역촌동주민센터 화장실,서울특별시 은평구 역촌동 62-26,37.604352,126.915067,toilet/open,10890
8088,응암1동 주민센터 화장실,서울특별시 은평구 응암동 96-3,37.6006412,126.92673899999998,toilet/open,10891
8089,응암2동 주민센터 화장실,서울특별시 은평구 응암동 229-13,37.594469000000004,126.923092,toilet/open,10892
8090,응암3동 주민센터 화장실,서울특별시 은평구 응암동 583-22,37.592203000000005,126.91562900000001,toilet/open,10893
8091,증산동주민센터 화장실,서울특별시 은평구 증산동 187-19,37.584311,126.907002,toilet/open,10894
8092,진관동 복합청사(보훈회관) 화장실,서울특별시 은평구 진관동 78,37.648686,126.9209064,toilet/open,10895
8094,새록어린이공원 화장실,서울특별시 은평구 녹번동 158-1,37.603962,126.923657,toilet/open,10896
8096,응암어린이공원 화장실,서울특별시 은평구 응암동 85-41,37.6016787,126.92355500000001,toilet/open,10897
8097,백련근린공원 화장실,서울특별시 은평구 응암동 산6-48,37.594173,126.92610800000001,toilet/open,10898
8099,포수동어린이공원 화장실,서울특별시 은평구 응암동 115-25,37.598085,126.919405,toilet/open,10899
8100,참다래어린이공원 화장실,서울특별시 은평구 응암동 120-22,37.595363,126.91733799999999,toilet/open,10900
8101,불광사입구시범 화장실,서울특별시 은평구 불광동 산1-13,37.623067999999996,126.935973,toilet/open,10901
8102,새장골어린이공원 화장실,서울특별시 은평구 불광동 444-1,37.625277000000004,126.926227,toilet/open,10902
8103,구현초마을마당 화장실,서울특별시 은평구 구산동 산41-5,37.608816,126.9069244,toilet/open,10903
8104,서갈현어린이공원 화장실,서울특별시 은평구 갈현동 434-38,37.621469,126.91573600000001,toilet/open,10904
8105,박석어린이공원 화장실,서울특별시 은평구 갈현동 416-3,37.625108000000004,126.91853799999998,toilet/open,10905
8106,갈곡리어린이공원 화장실,서울특별시 은평구 갈현동 436-51,37.623926000000004,126.91641399999999,toilet/open,10906
8107,좌월어린이공원 화장실,서울특별시 은평구 갈현동 513-1,37.617275,126.91328200000001,toilet/open,10907
8108,길마어린이공원 화장실,서울특별시 은평구 갈현동 474-1,37.614676,126.91581200000002,toilet/open,10908
8109,대조어린이공원 화장실,서울특별시 은평구 대조동 212,37.615398,126.91990200000001,toilet/open,10909
8110,연서어린이공원 화장실,서울특별시 은평구 역촌동 32-36,37.604015999999994,126.916748,toilet/open,10910
8111,역마을어린이공원 화장실,서울특별시 은평구 역촌동 39-2,37.601077000000004,126.918456,toilet/open,10911
8112,역말어린이공원 화장실,서울특별시 은평구 역촌동 47-1,37.606776,126.914092,toilet/open,10912
8113,신흥어린이공원 화장실,서울특별시 은평구 신사동 31-2,37.596024,126.911825,toilet/open,10913
8114,시루뫼어린이공원 화장실,서울특별시 은평구 증산동 185-1,37.582856,126.90649199999999,toilet/open,10914
8115,분토골어린이공원 화장실,서울특별시 은평구 증산동 163-34,37.586715000000005,126.911677,toilet/open,10915
8116,까치어린이공원 화장실,서울특별시 은평구 증산동 180-1,37.579923,126.904078,toilet/open,10916
8117,생활체육광장 화장실,서울특별시 은평구 증산동 산18-6,37.584328,126.903028,toilet/open,10917
8118,은평구상징녹지대 화장실,서울특별시 은평구 진관동 44,37.645271,126.921328,toilet/open,10918
8119,진관사입구 화장실,서울특별시 은평구 진관동 101-2,37.633652000000005,126.92081599999999,toilet/open,10919
8120,녹번서근린공원 화장실,서울특별시 은평구 녹번동 85-1,37.6036744,126.927195,toilet/open,10920
8121,불광천 화장실,서울특별시 은평구 응암동 122-20,37.596309000000005,126.91542199999999,toilet/open,10921
8122,증산 불광천 화장실,서울특별시 은평구 증산동 177-24,37.580633,126.905833,toilet/open,10922
8125,은평구시설관리공단 청사 화장실,서울특별시 은평구 구산동 199-19,37.612998,126.912675,toilet/open,10923
8126,은평문화예술회관 화장실,서울특별시 은평구 녹번동 85-4,37.603879,126.928347,toilet/open,10924
8127,평화공원 지하 공영주차장 화장실 화장실,서울특별시 은평구 녹번동 153-1,37.605678000000005,126.92304399999999,toilet/open,10925
8128,신사초등학교 화장실,서울특별시 은평구 신사동 98-32,37.592694,126.91225800000001,toilet/open,10926
8129,응암3동 공영주차장 화장실,서울특별시 은평구 응암3동 580-4,37.593462,126.915361,toilet/open,10927
8130,새락골어린이공원 화장실,서울특별시 은평구 신사1동 5-21,37.598964,126.911171,toilet/open,10928
8131,구산동마을공원 화장실,서울특별시 은평구 갈현2동 340-1,37.614289,126.908999,toilet/open,10929
8132,은평구민체육센터 화장실,서울특별시 은평구 진관동 362,37.630675,126.92330600000001,toilet/open,10930
8133,은평구립축구장 화장실,서울특별시 은평구 진관동 362-2,37.630604999999996,126.9246861,toilet/open,10931
8135,선일여자고등학교 화장실,서울특별시 은평구 갈현동 240-1,37.619682,126.912454,toilet/open,10932
8139,선정중학교 화장실,서울특별시 은평구 갈현동 227-5,37.618062,126.908774,toilet/open,10933
8140,성원E&S㈜은평지점 화장실,서울특별시 은평구 진관동 240-27,37.629234999999994,126.91958799999999,toilet/open,10934
8141,세광교회 화장실,서울특별시 은평구 갈현동 497-1,37.614658,126.91291299999999,toilet/open,10935
8142,세명컴퓨터고등학교 화장실,서울특별시 은평구 불광동 445-35,37.627559000000005,126.923464,toilet/open,10936
8143,세이브 마트 화장실,서울특별시 은평구 응암동 754-1,37.586698,126.917667,toilet/open,10937
8144,수리초등학교 화장실,서울특별시 은평구 불광동 17,37.618837,126.933479,toilet/open,10938
8145,수색센터 화장실,서울특별시 은평구 수색동 403,37.589518,126.883771,toilet/open,10939
8146,수색제일주유소 화장실,서울특별시 은평구 수색동 154-5,37.581062,126.897676,toilet/open,10940
8147,숭실중학교 화장실,서울특별시 은평구 신사동300-89,37.593114,126.90404299999999,toilet/open,10941
8148,신광주유소 화장실,서울특별시 은평구 수색동 314-1,37.587129,126.88750900000001,toilet/open,10942
8151,신사1센터 화장실,서울특별시 은평구 신사동 29-10,37.597854,126.91097009999999,toilet/open,10943
8152,신사제일주유소 화장실,"서울특별시 은평구 신사동 35-11,50",37.594062,126.91399399999999,toilet/open,10944
8154,신진자동차고등학교 화장실,서울특별시 은평구 응암동 114-1,37.598345,126.918291,toilet/open,10945
8155,은진초등학교 화장실,서울특별시 은평구 진관동 165-32,37.633164,126.92159299999999,toilet/open,10946
8157,역촌1치안센터 화장실,서울특별시 은평구 역촌동 23-34,37.604405,126.91790900000001,toilet/open,10947
8158,역촌중앙시장 화장실,서울특별시 은평구 갈현동 467-1,37.613229,126.916195,toilet/open,10948
8160,역촌초등학교 화장실,서울특별시 은평구 역촌동 82-1번지,37.601643,126.914336,toilet/open,10949
8161,연서시장 화장실,서울특별시 은평구 불광동 310-131,37.619408,126.921951,toilet/open,10950
8162,연서이엔에쓰주유소 화장실,서울특별시 은평구 대조동 199-28,37.617135,126.91966200000002,toilet/open,10951
8163,연서중학교 화장실,서울특별시 은평구 증산동 193-21,37.586988,126.909986,toilet/open,10952
8164,연신내메디컬센타 화장실,서울특별시 은평구 불광동 308-10,37.619021200000006,126.92257790000001,toilet/open,10953
8167,연신초등학교 화장실,서울특별시 은평구 불광동 73-1,37.626278000000006,126.928343,toilet/open,10954
8168,연천중학교 화장실,서울특별시 은평구 불광동 산143-1,37.627454,126.92585600000001,toilet/open,10955
8169,연천초등학교 화장실,서울특별시 은평구 불광동 346-153,37.620773,126.929317,toilet/open,10956
8172,예일디자인고등학교 화장실,서울특별시 은평구 구산동 8-3,37.610782,126.914657,toilet/open,10957
8176,은경빌딩 화장실,서울특별시 은평구 응암동 98-65,37.600198999999996,126.92300900000001,toilet/open,10958
8177,은명초등학교 화장실,서울특별시 은평구 응암1동 114-12,37.597634,126.918369,toilet/open,10959
8178,은평경찰서 화장실,서울특별시 은평구 불광동 산24,37.628128000000004,126.928599,toilet/open,10960
8179,은평고등학교 화장실,서울특별시 은평구 구산동 산41-1,37.609008,126.905973,toilet/open,10961
8180,은평뉴타운주유소 화장실,서울특별시 은평구 불광동 493,37.6252814,126.920371,toilet/open,10962
8181,은평드림 화장실,서울특별시 은평구 진관동 73-22,37.643837,126.912374,toilet/open,10963
8182,은평소방서 화장실,서울특별시 은평구 진관동 240-9,37.628725,126.92002600000001,toilet/open,10964
8185,수색119안전센터 화장실,서울특별시 은평구 수색동 330-1,37.584072,126.892027,toilet/open,10965
8186,은평우체국 화장실,서울특별시 은평구 응암동 89-1,37.601327000000005,126.921204,toilet/open,10966
8187,은평장례식장 화장실,서울특별시 은평구 갈현동 390,37.626604,126.919604,toilet/open,10967
8188,은평주유소 화장실,서울특별시 은평구 응암동 81-173,37.6011049,126.92923600000002,toilet/open,10968
8189,은평중학교 화장실,서울특별시 은평구 구산동 산27,37.610568,126.909042,toilet/open,10969
8190,은혜초등학교 화장실,서울특별시 은평구 불광동 331-27,37.617781,126.92732099999999,toilet/open,10970
8191,응암3파출소 화장실,서울특별시 은평구 응암동 576-42,37.590517,126.9175249,toilet/open,10971
8192,응암4센터 화장실,서울특별시 은평구 응암동 696,37.585875,126.917294,toilet/open,10972
8194,응암주유소 화장실,서울특별시 은평구 응암동 117-54,37.596751,126.91931100000001,toilet/open,10973
8195,응암지구대 화장실,서울특별시 은평구 응암동 84-8,37.601546,126.926433,toilet/open,10974
8196,㈜에스지주유소 화장실,서울특별시 은평구 신사동 338-4,37.589447,126.912838,toilet/open,10975
8197,증산센터 화장실,서울특별시 은평구 증산동 186-11,37.583543,126.906798,toilet/open,10976
8198,증산종합시장 화장실,서울특별시 은평구 증산동 184-9,37.581419,126.905041,toilet/open,10977
8199,증산주유소 화장실,서울특별시 은평구 증산동 174-1,37.58229,126.907587,toilet/open,10978
8203,진관중학교 화장실,서울특별시 은평구 진관동 394-3,37.643895,126.925574,toilet/open,10979
8204,청구성심병원 화장실,서울특별시 은평구 갈현동 395-1,37.620729,126.9194449,toilet/open,10980
8205,충암고등학교 화장실,서울특별시 은평구 응암3동 산9-1,37.585122999999996,126.92184499999999,toilet/open,10981
8208,코끼리주유소 화장실,서울특별시 은평구 녹번동 154-1,37.604489,126.924125,toilet/open,10982
8209,타이거주유소 화장실,서울특별시 은평구 증산동 222-6,37.578417,126.901983,toilet/open,10983
8210,파레제페빌딩 화장실,서울특별시 은평구 불광동 304-2,37.6177691,126.92273200000001,toilet/open,10984
8211,한국보건사회연구원 화장실,서울특별시 은평구 불광동 산42-14,37.610138,126.93496200000001,toilet/open,10985
8212,한국여성정책연구원 화장실,서울특별시 은평구 불광동 1-363,37.610679,126.93519450000001,toilet/open,10986
8213,한국철도공사수색역 화장실,서울특별시 은평구 수색동 380,37.581801,126.893883,toilet/open,10987
8214,한빛주유소 화장실,서울특별시 은평구 대조동 172-134,37.6092515,126.92063799999998,toilet/open,10988
8215,흥일주유소 화장실,서울특별시 은평구 신사동 40-2,37.595876000000004,126.909449,toilet/open,10989
15867,세곡동공중화장실 화장실,서울특별시 강남구 세곡동96-5,37.4654108734,127.109298203,toilet/open,10990
15905,모래내공원 화장실,서울특별시 관악구 낙성대동 1613-9,37.477814951199996,126.955627711,toilet/open,10991
15906,신대방 화장실,서울특별시 관악구 신림동 516,37.487371067699996,126.91339698899999,toilet/open,10992
15907,봉림 화장실,서울특별시 관악구 신림동 1433-158,37.4841326326,126.926371621,toilet/open,10993
15908,삼성동1-4 화장실,서울특별시 관악구 신림동 808-142,37.4700264193,126.93238585700001,toilet/open,10994
15909,삼성동1-5 화장실,서울특별시 관악구 신림동 808-501,37.469730735,126.93211934,toilet/open,10995
15910,삼성동1-6 화장실,서울특별시 관악구 신림동 808-117,37.4715183726,126.932176508,toilet/open,10996
15911,삼성동1-7 화장실,서울특별시 관악구 신림동 808-495,37.4701993692,126.932308831,toilet/open,10997
15912,삼성동1-8 화장실,서울특별시 관악구 신림동 808-498,37.4686812171,126.93084064899999,toilet/open,10998
15913,삼성동1-9 화장실,서울특별시 관악구 신림동 808-502,37.4685664136,126.93174509200001,toilet/open,10999
15914,삼성동1-10 화장실,서울특별시 관악구 신림동 808-502,37.469222289,126.931640496,toilet/open,11000
15915,삼성동1-11 화장실,서울특별시 관악구 신림동 808-499,37.4680071183,126.93059709999999,toilet/open,11001
15916,삼성동1-12 화장실,서울특별시 관악구 신림동 808-497,37.4699464755,126.931250964,toilet/open,11002
15917,삼성동1-13 화장실,서울특별시 관악구 신림동 808-503,37.468328368899996,126.931437835,toilet/open,11003
15918,조원동 화장실,서울특별시 관악구 신림동 1677-5,37.484786342,126.903287292,toilet/open,11004
15919,삼성동1-15 화장실,서울특별시 관악구 신림동 산69-18,37.4619318708,126.93262373299999,toilet/open,11005
15920,삼성동1-16 화장실,서울특별시 관악구 신림동 산57-1,37.4605354066,126.92970880799999,toilet/open,11006
15921,삼성동2-1 화장실,서울특별시 관악구 신림동 808-606,37.464954300100004,126.930269855,toilet/open,11007
15922,삼성동2-2 화장실,서울특별시 관악구 신림동 304-18,37.465329227199994,126.930450367,toilet/open,11008
15923,삼성동2-3 화장실,서울특별시 관악구 신림동 808-505,37.4660787615,126.930268811,toilet/open,11009
15924,삼성동2-4 화장실,서울특별시 관악구 신림동 산 60,37.4623238727,126.931167518,toilet/open,11010
15925,삼성동2-5 화장실,서울특별시 관악구 신림동 산79-4,37.460394451599996,126.929044324,toilet/open,11011
15926,삼성동2-6 화장실,서울특별시 관악구 신림동 산78-9,37.4596264518,126.928484427,toilet/open,11012
15927,예촌어린이공원 화장실,서울특별시 관악구 남현동 1083-1,37.4747071106,126.97677469999999,toilet/open,11013
15928,서울대정문 화장실,서울특별시 관악구 신림동 808-124,37.4668986533,126.94765808,toilet/open,11014
17677,천호역공영주차장 화장실 화장실,서울특별시 강동구 천호동 455,37.538507,127.125128,toilet/open,11015
17678,도봉산역공영주차장 화장실 화장실,서울특별시 도봉구 도봉동 288-19,37.689719000000004,127.044822,toilet/open,11016
17679,잠실역공영주차장 화장실 화장실,서울특별시 송파구 신천동 29,37.513118,127.103524,toilet/open,11017
17680,화랑대역공영주차장 화장실 화장실,서울특별시 중랑구 묵동 7,37.620090000000005,127.08668999999999,toilet/open,11018
17681,복정역공영주차장 화장실 화장실,서울특별시 송파구 장지동 596-21,37.471045000000004,127.12675800000001,toilet/open,11019
17682,종묘공영주차장 화장실 화장실,서울특별시 종로구 훈정동 1-2,37.574496,126.994045,toilet/open,11020
17683,세종로공영주차장화장실 화장실,서울특별시 종로구 세종로 80-1,37.573397,126.975866,toilet/open,11021
17684,용산주차빌딩 화장실 화장실,서울특별시 용산구 한강로2가 12-12,37.534288000000004,126.965325,toilet/open,11022
17685,영남주차장 화장실 화장실,서울특별시 영등포구 영등포동4가 123,37.519465000000004,126.902608,toilet/open,11023
17686,구파발역환승센터 화장실 화장실,서울특별시 은평구 진관동 70-1,37.638085,126.919142,toilet/open,11024
17687,개화역환승센터 화장실 화장실,서울특별시 강서구 개화동 490-3,37.577917,126.798208,toilet/open,11025
17688,천왕역환승센터 화장실 화장실,서울특별시 구로구 오류동 174-5,37.4866,126.83888999999999,toilet/open,11026
17689,마포유수지 화장실 화장실,서울특별시 마포구 마포동 36-1,37.538790000000006,126.942649,toilet/open,11027
17690,남부여성주차장 화장실 화장실,서울특별시 금천구 시흥동 산139-2,37.463149,126.90603899999999,toilet/open,11028
17691,동대문주차장 화장실 화장실,서울특별시 중구 신당동 251-7,37.567161,127.01213200000001,toilet/open,11029
17692,봉화산주차장 화장실 화장실,서울특별시 중랑구 신내동 665,37.606218,127.09418899999999,toilet/open,11030
17693,사당주차장 화장실 화장실,서울특별시 서초구 방배동 507-1,37.475302,126.98376299999998,toilet/open,11031
17990,SK네트웍스(주) 북악주유소 화장실,서울특별시 성북구 정릉동 428,37.605566700000004,127.0085108,toilet/open,11032
17991,SK네트웍스(주) 아리랑주유소 화장실,서울특별시 성북구 정릉통 8,37.6005313,127.01419879999999,toilet/open,11033
17992,SK네트웍스(주) 장삼주유소 화장실,서울특별시 성북구 장위동 43-32,37.6136312,127.06019840000002,toilet/open,11034
17993,SK네트웍스(주) 한천로주유소 화장실,서울특별시 성북구 장위동 165-11,37.6215551,127.0518436,toilet/open,11035
17994,SK에너지(주) 드림랜드주유소 화장실,서울특별시 성북구 장위동 219-43,37.616609499999996,127.04139380000001,toilet/open,11036
17995,SK에너지(주) 미도주유소 화장실,서울특별시 성북구 돈암동 30-53,37.6010584,127.02156129999999,toilet/open,11037
18067,신방주유소 화장실,서울특별시 성북구 안암동5가 82-1,37.5855374,127.0317962,toilet/open,11038
18080,개운산근린공원화장실 화장실,서울특별시 성북구 돈암동 산 6-1,37.598114100000004,127.0253905,toilet/open,11039
18081,고려주유소 화장실,서울특별시 성북구 종암동 29-10,37.5919857,127.0360382,toilet/open,11040
18082,그린에너지(주)직영 종암주유소 화장실,서울특별시 성북구 종암동 3-545,37.6027771,127.0320297,toilet/open,11041
18083,꿈나라어린이공원 화장실 화장실,서울특별시 성북구 보문동 108-2,37.5800534,127.0230236,toilet/open,11042
18084,돈암마을마당 화장실,서울특별시 성북구 돈암동 51-54,37.597894700000005,127.02132209999999,toilet/open,11043
18085,동일주유소 화장실,서울특별시 성북구 보문동5가 146-7,37.5829573,127.02035409999999,toilet/open,11044
18086,모랫말근린공원 화장실 화장실,서울특별시 성북구 하월곡동 90-206,37.6048579,127.0327834,toilet/open,11045
18087,보문동 화장실,서울특별시 성북구 보문동1가 147-36,37.584858600000004,127.01991059999999,toilet/open,11046
18088,북선 화장실,서울특별시 성북구 종암동 산 2-27,37.5963421,127.02854769999999,toilet/open,11047
18089,북악숲속 화장실,서울특별시 성북구 정릉동 1-345,37.6105396,126.9939893,toilet/open,11048
18090,북한산 에코체험관 화장실 화장실,서울특별시 성북구 정릉동 산 87-102,37.6044281,127.0072894,toilet/open,11049
18092,북한산생태숲화장실 화장실,서울특별시 성북구 정릉동 산 12-3,37.6208844,127.00667340000001,toilet/open,11050
18093,삼선어린이공원 화장실 화장실,서울특별시 성북구 삼선동2가 374,37.5832289,127.01037659999999,toilet/open,11051
18094,삼선주유소 화장실,서울특별시 성북구 삼선동1가 12-1,37.587976399999995,127.00552140000002,toilet/open,11052
18095,상월곡동 화장실,서울특별시 성북구 상월곡동,37.6091998,127.0454537,toilet/open,11053
18096,새천년주유소 화장실,서울특별시 성북구 상월곡동 23-36,37.607231299999995,127.05056370000001,toilet/open,11054
18097,성북2동 화장실,서울특별시 성북구 성북동 303-17,37.59632620000001,126.9936904,toilet/open,11055
18098,성북근린공원화장실 화장실,서울특별시 성북구 돈암동 616-361,37.595145,127.00759579999999,toilet/open,11056
18099,성북성터 화장실,서울특별시 성북구 성북동 224-147,37.5927439,126.99124920000001,toilet/open,11057
18100,성북주유소 화장실,서울특별시 성북구 보문동1가 9-11,37.587666299999995,127.01837420000001,toilet/open,11058
18101,세창주유소 화장실,서울특별시 성북구 길음동 21-72,37.6088433,127.02924809999999,toilet/open,11059
18102,신동방석유㈜ 화장실,서울특별시 성북구 장위동 231-198,37.613474200000006,127.03816470000001,toilet/open,11060
18103,신명에너지㈜ 화랑로주유소 화장실,서울특별시 성북구 상월곡동 23-11,37.606899799999994,127.05007309999999,toilet/open,11061
18104,안암동 화장실,서울특별시 성북구 안암동2가 141-9,37.58559210000001,127.02172309999999,toilet/open,11062
18105,오동근린공원화장실 화장실,서울특별시 성북구 상월곡동,37.60852020000001,127.0430126,toilet/open,11063
18106,우리주유소 화장실,서울특별시 성북구 석관동 176-6,37.612811900000004,127.0611655,toilet/open,11064
18107,우이천 화장실,서울특별시 성북구 장위동 156,37.6203186,127.0532784,toilet/open,11065
18108,우일에너지 화장실,서울특별시 성북구 하월곡동 88-681,37.6079876,127.03029009999999,toilet/open,11066
18109,원천제1주유소 화장실,서울특별시 성북구 정릉동 401-15,37.60919129999999,127.0100281,toilet/open,11067
18110,월곡1동 화장실,서울특별시 성북구 하월곡동 96-163,37.6066402,127.0343461,toilet/open,11068
18111,월곡광장 화장실,서울특별시 성북구 하월곡동 228-3,37.6119091,127.0397597,toilet/open,11069
18112,장위3동 화장실,서울특별시 성북구 장위동 275-10,37.6206238,127.05247959999998,toilet/open,11070
18113,장위3동 마을공원 화장실 화장실,서울특별시 성북구 장위동 77-79,37.617110600000004,127.05327220000001,toilet/open,11071
18114,강촌쌈밥 화장실,서울특별시 성북구 성북동 279-1,37.5944763,126.99126570000001,toilet/open,11072
18115,개운산스포츠센터 화장실,서울특별시 성북구 종암동 54-182,37.596861600000004,127.0262231,toilet/open,11073
18116,거산프라자 화장실,서울특별시 성북구 종암동 30,37.5921696,127.03668789999999,toilet/open,11074
18117,경동고 공영주차장 화장실,서울특별시 성북구 삼선동3가,37.5856336,127.0138501,toilet/open,11075
18118,고려대학교 안암병원 장례식장 화장실,서울특별시 성북구 안암동5가,37.5871061,127.02634109999998,toilet/open,11076
18119,구민회관 공공 화장실 화장실,서울특별시 성북구 돈암동 606-304,37.5958695,127.0086976,toilet/open,11077
18120,금영빌딩 화장실,서울특별시 성북구 정릉동 414-10,37.6055321,127.01163659999999,toilet/open,11078
18121,기린빌딩 화장실,서울특별시 성북구 길음동 1081,37.6053737,127.0248645,toilet/open,11079
18122,길음1동 주민센터 화장실,서울특별시 성북구 길음동 1281-7,37.6104808,127.0194382,toilet/open,11080
18123,길음1동분소화장실 화장실,서울특별시 성북구 길음동 531-33,37.604285100000006,127.02428490000001,toilet/open,11081
18124,길음2동 주민센터 화장실,서울특별시 성북구 길음동 1064-1,37.6066874,127.0272767,toilet/open,11082
18125,길음환승주차장 화장실,서울특별시 성북구 하월공동 104-121,37.6040969,127.02581979999998,toilet/open,11083
18126,꿈마루도서관화장실 화장실,서울특별시 성북구 정릉동 227-176,37.6114565,127.0138462,toilet/open,11084
18127,노동사목빌딩 화장실,서울특별시 성북구 보문동5가 15-2,37.583735600000004,127.01991840000001,toilet/open,11085
18128,뉴타운장례식장 화장실,서울특별시 성북구 하월곡동 88-384,37.6075901,127.0303879,toilet/open,11086
18129,달빛마루도서관 화장실 화장실,서울특별시 성북구 하월곡동 230,37.6051512,127.03091609999998,toilet/open,11087
18130,돈암1동 주민센터 화장실,서울특별시 성북구 돈암동 1-1,37.6034115,127.0263571,toilet/open,11088
18131,돈암2동 주민센터 화장실,서울특별시 성북구 돈암동 600-21,37.598010200000004,127.0105959,toilet/open,11089
18132,동방고개 공영주차장 화장실,서울특별시 성북구 장위동 230-110,37.6146774,127.04096609999999,toilet/open,11090
18133,동선동 주민센터 화장실,서울특별시 성북구 동선동3가 130-7,37.593976299999994,127.0203947,toilet/open,11091
18134,장위3동마을마당 화장실,서울특별시 성북구 장위동 275-8,37.6194213,127.05406229999998,toilet/open,11092
18135,장위가스 화장실,서울특별시 성북구 장위동 44-3,37.6132641,127.0606212,toilet/open,11093
18136,장위주유소 화장실,서울특별시 성북구 하월곡동 92-16,37.6037377,127.0439761,toilet/open,11094
18137,정릉1호 화장실,서울특별시 성북구 정릉동 976,37.618903100000004,127.00555020000002,toilet/open,11095
18138,정릉4동 교통광장 화장실,서울특별시 성북구 정릉동 92-12,37.6126901,127.00663610000001,toilet/open,11096
18139,정릉주유소 (주)삼표에너지 화장실,서울특별시 성북구 정릉동 404-4,37.607679100000006,127.00986270000001,toilet/open,11097
18140,제삼주유소 화장실,서울특별시 성북구 안암동4가 41-37,37.5795083,127.0245313,toilet/open,11098
18141,종암2동마을마당 화장실,서울특별시 성북구 종암동 108-1,37.6015316,127.0389111,toilet/open,11099
18142,㈜진영와이엔제이 원천주유소 화장실,서울특별시 성북구 장위동 75-604,37.6149534,127.05274920000001,toilet/open,11100
18143,중랑천 이동식 화장실,서울특별시 성북구 석관동 375-3,37.6132024,127.0708087,toilet/open,11101
18144,중앙알뜰주유소 화장실,서울특별시 성북구 보문동7가 138,37.5779421,127.02278419999999,toilet/open,11102
18145,현대오일뱅크㈜ 직영현대셀프주유소 고대점 화장실,서울특별시 성북구 종암동 30-24,37.5916533,127.0366064,toilet/open,11103
18146,현대주유소 화장실,서울특별시 성북구 길음동 1132-2,37.61029370000001,127.0227392,toilet/open,11104
18147,화랑로 화장실,서울특별시 성북구 하월곡동 96-83,37.602964799999995,127.0376475,toilet/open,11105
18148,화랑주유소 화장실,서울특별시 성북구 상월곡동 23-95,37.6078619,127.0507216,toilet/open,11106
18149,효성주유소 화장실,서울특별시 성북구 하월곡동 67-141,37.6033305,127.0354101,toilet/open,11107
18150,롯데리아 성신여대점 화장실,서울특별시 성북구 동선동4가 105,37.593691299999996,127.01770959999999,toilet/open,11108
18151,미리내도서관화장실 화장실,서울특별시 성북구 석관동 134-2,37.6134445,127.0656074,toilet/open,11109
18152,보문동주민센터 화장실,서울특별시 성북구 보문동7가 108-1,37.580368299999996,127.02278740000001,toilet/open,11110
18153,북악골프 화장실,서울특별시 성북구 정릉동,37.6025791,126.99802079999999,toilet/open,11111
18154,삼선동 주민센터 화장실,서울특별시 성북구 삼선동4가 349-1,37.5908399,127.0146256,toilet/open,11112
18155,삼성동 맥도날드 화장실,서울특별시 성북구 동소문동1가 32-3,37.589400299999994,127.0075162,toilet/open,11113
18156,상월곡실버복지센터 화장실,서울특별시 성북구 상월곡동 97-34,37.6058467,127.0482662,toilet/open,11114
18157,서광빌딩 화장실,서울특별시 성북구 보문동7가 118,37.578683500000004,127.0226131,toilet/open,11115
18158,석관동 우체국 화장실,서울특별시 성북구 장위동 65-176,37.608760499999995,127.0524081,toilet/open,11116
18159,석관동 주민센터 화장실,서울특별시 성북구 석관동 384-3,37.6129659,127.0614051,toilet/open,11117
18160,석관실버복지센터화장실 화장실,서울특별시 성북구 석관동 261-394,37.6067055,127.05822830000001,toilet/open,11118
18161,석탑빌딩 화장실,서울특별시 성북구 안암동5가 133-6,37.58173729999999,127.02767220000001,toilet/open,11119
18162,성가복지병원 화장실,서울특별시 성북구 하월곡동 88-526,37.60692120000001,127.03066470000002,toilet/open,11120
18163,성북구 보건소 보건지소 화장실,서울특별시 성북구 동소문동6가 146,37.5936034,127.0157368,toilet/open,11121
18164,성북구립미술관 화장실 화장실,서울특별시 성북구 성북동 246,37.5948311,126.99487140000002,toilet/open,11122
18165,성북구민정보화센터 화장실,서울특별시 성북구 삼산동1가 216-6,37.5856452,127.00744040000001,toilet/open,11123
18166,성북구민체육관 화장실 화장실,서울특별시 성북구 하월곡동 산 2-1,37.6099679,127.04194840000002,toilet/open,11124
18167,성북구청 화장실,서울특별시 성북구 삼선동5가 411,37.5894505,127.0168346,toilet/open,11125
18168,성북노인종합복지관 화장실,서울특별시 성북구 종암동 66-14,37.5977829,127.03439209999999,toilet/open,11126
18169,성북동 주민센터 화장실,서울특별시 성북구 성북동 188-18,37.59104620000001,127.00323290000001,toilet/open,11127
18170,성북예술창작터 화장실 화장실,서울특별시 성북구 성북동1가 74-1,37.5900467,127.00410759999998,toilet/open,11128
18171,성북장애인복지관 화장실,서울특별시 성북구 하월곡동 11-19,37.6046133,127.04575430000001,toilet/open,11129
18172,성북정보도서관화장실 화장실,서울특별시 성북구 상월곡동 24-348,37.6049953,127.0507256,toilet/open,11130
18173,성북종합레포츠타운 화장실,서울특별시 성북구 석관동 382,37.6102064,127.06998020000002,toilet/open,11131
18174,성북중앙병원신관동 화장실,서울특별시 성북구 종암동 10-27,37.5971101,127.03567759999999,toilet/open,11132
18175,성심빌딩 화장실,서울특별시 성북구 돈암동 30-11,37.6002789,127.02159909999999,toilet/open,11133
18176,시네마빌딩화장실 화장실,서울특별시 성북구 돈암동 538-59,37.599116200000005,127.0145912,toilet/open,11134
18177,아리랑도서관화장실 화장실,서울특별시 성북구 돈암동 538-101,37.6000539,127.0139127,toilet/open,11135
18178,아리랑시네센터화장실 화장실,서울특별시 성북구 돈암동 538-101,37.6003222,127.01387509999999,toilet/open,11136
18179,아이조아팀 화장실,서울특별시 성북구 하월곡동 222-6,37.605672600000005,127.0379341,toilet/open,11137
18180,안암동주민센터 화장실,서울특별시 성북구 안암동3가 133-46,37.5844206,127.0230499,toilet/open,11138
18181,온누리병원 화장실,서울특별시 성북구 장위동 50-50,37.6122062,127.05871440000001,toilet/open,11139
18182,우신향병원 구관동 화장실,서울특별시 성북구 안암동5가 86-121,37.5849739,127.0310592,toilet/open,11140
18183,월곡1동 주민센터 화장실,서울특별시 성북구 하월곡동 225-7,37.610530100000005,127.03574409999999,toilet/open,11141
18184,월곡2동 주민센터 화장실,서울특별시 성북구 상월곡동 97-22,37.6057725,127.04785349999999,toilet/open,11142
18185,월곡두산위브 센츠로 상가 화장실,서울특별시 성북구 하월곡동 222-6,37.607027200000005,127.0383416,toilet/open,11143
18186,의릉관리사무소 화장실,서울특별시 성북구 석관동,37.6054844,127.05769709999998,toilet/open,11144
18187,장위1동 주민센터 화장실,서울특별시 성북구 장위동 225-100,37.614062200000006,127.0436497,toilet/open,11145
18188,장위2동 주민센터 화장실,서울특별시 성북구 장위동 69-54,37.6123831,127.05447959999998,toilet/open,11146
18189,장위3동 주민센터 화장실,서울특별시 성북구 장위동 117-5,37.6165543,127.05659779999999,toilet/open,11147
18190,장위실버복지센터 화장실,서울특별시 성북구 장위동 63-1,37.6128385,127.05600659999999,toilet/open,11148
18191,정릉1동 주민센터 화장실,서울특별시 성북구 정릉동,37.6014316,127.01662830000001,toilet/open,11149
18192,정릉2동 주민센터 화장실,서울특별시 성북구 정릉동 966-125,37.6044598,127.0111212,toilet/open,11150
18193,정릉3동 주민센터 화장실,서울특별시 성북구 정릉동 673-3,37.6089493,127.0041598,toilet/open,11151
18194,정릉4동 주민센터 화장실,서울특별시 성북구 정릉동 293-6,37.6133712,127.00698590000002,toilet/open,11152
18195,정릉도서관화장실 화장실,서울특별시 성북구 정릉동 966-174,37.6046434,127.01085259999998,toilet/open,11153
18196,정릉빌딩 화장실,서울특별시 성북구 정릉동 465-1,37.604263399999994,127.0113523,toilet/open,11154
18197,정릉실버복지센터 화장실,서울특별시 성북구 정릉동 674-4,37.608236600000005,127.00464040000001,toilet/open,11155
18198,정평빌딩 화장실,서울특별시 성북구 하월곡동 17-1,37.6037175,127.0430439,toilet/open,11156
18199,제일빌딩 화장실,서울특별시 성북구 하월곡동 70-202,37.6063894,127.03641809999999,toilet/open,11157
18200,종암동 주민센터 화장실,서울특별시 성북구 종암동 16-25,37.5990276,127.0352053,toilet/open,11158
18201,종암동새날도서관 화장실 화장실,서울특별시 성북구 종암동 16-8,37.5989907,127.03509209999999,toilet/open,11159
18202,청수도서관 화장실 화장실,서울특별시 성북구 정릉동 266-121,37.61174260000001,127.0107524,toilet/open,11160
18203,청수프라자 화장실,서울특별시 성북구 정릉동 401-46,37.6088594,127.01006809999998,toilet/open,11161
18204,커뮤니티센터 화장실,서울특별시 성북구 정릉동 16-182,37.6019991,127.01835829999999,toilet/open,11162
18205,한천로 공영주차장 화장실,서울특별시 성북구 장위동 158-1,37.6207617,127.0525915,toilet/open,11163
18206,해오름도서관화장실 화장실,서울특별시 성북구 돈암동,37.5929441,127.0086314,toilet/open,11164
18207,(주)중앙에너비스 종암지점 화장실,서울특별시 성북구 종암동 10-15,37.5957709,127.0359956,toilet/open,11165
18208,SK네트웍스(주) 광덕주유소 화장실,서울특별시 성북구 보문동5가 146-1,37.5831742,127.0201909,toilet/open,11166
18833,중화동 공중화장실 화장실,서울특별시 중랑구 중화동 382,37.6002049,127.07320130000001,toilet/open,11167
18834,면목동 공중화장실 화장실,서울특별시 중랑구 면목동 168-1,37.5812836,127.08012,toilet/open,11168
18835,망우동 공중화장실 화장실,서울특별시 중랑구 망우본동 산57-3,37.5941269,127.10962520000001,toilet/open,11169
18836,신내동 공중화장실 화장실,서울특별시 중랑구 신내동 351-2,37.6145471,127.1009378,toilet/open,11170
18837,묵동 공중화장실 화장실,서울특별시 중랑구 묵동 335,37.6161311,127.0736929,toilet/open,11171
20135,문래동 화장실,서울특별시 영등포구 문래동6가 22-3,37.518519500000004,126.88652820000001,toilet/open,11172
20136,쪽방촌 화장실,서울특별시 영등포구 영등포동618-5,37.5145502,126.90422190000001,toilet/open,11173
20137,강마을공원 화장실,서울특별시 영등포구 당산동6가 354,37.533159399999995,126.9064683,toilet/open,11174
20138,당산4가 화장실,서울특별시 영등포구 당산동4가 74-3,37.5296691,126.8978686,toilet/open,11175
20139,조광시장 화장실,서울특별시 영등포구 당산동1가 186-23,37.5224717,126.90108670000001,toilet/open,11176
20140,전화국 뒤-2 화장실,서울특별시 영등포구 영둥포동8가 33-7,37.5260437,126.9053439,toilet/open,11177
20141,전화국 뒤-1 화장실,서울특별시 영등포구 영둥포동8가 33-7,37.526730799999996,126.90339660000001,toilet/open,11178
20142,대방역 화장실,서울특별시 영등포구 신길동 1373,37.5128177,126.9260295,toilet/open,11179
20143,영등포여고앞 화장실,서울특별시 영등포구 신길동 39-3,37.5161681,126.91540490000001,toilet/open,11180
20144,광야교회 화장실,서울특별시 영등포구 영등포동 618-510,37.5149506,126.90571709999999,toilet/open,11181
20267,철제상가 화장실,서울특별시 영등포구 문래동3가 4-38,37.514939399999996,126.9018973,toilet/open,11182
20268,철공소공단 화장실,서울특별시 영등포구 문래동2가 14-85,37.5139372,126.8859597,toilet/open,11183
20269,양평동2가-3 화장실,서울특별시 영등포구 양평동2가 31-17,37.5242862,126.8847172,toilet/open,11184
20270,양평동2가-2 화장실,서울특별시 영등포구 양평동2가 31-46,37.5240917,126.8846364,toilet/open,11185
20271,양평동2가-1 화장실,서울특별시 영등포구 양평동2가 31-13,37.5243747,126.88483240000001,toilet/open,11186
20272,양평동1가 화장실,서울특별시 영등포구 양평동1가250-44,37.5239746,126.88645729999999,toilet/open,11187
22253,도봉산입구 공중화장실 화장실,서울특별시 도봉구 도봉1동 282-26,37.6872548,127.0406199,toilet/open,11188
22254,창동역 공중화장실 화장실,서울특별시 도봉구 창4동 20,37.6531856,127.04811389999999,toilet/open,11189
22255,방학사거리 공중화장실 화장실,서울특별시 도봉구 방학1동 679,37.6629896,127.04188049999999,toilet/open,11190
22256,방학천 공중화장실 화장실,서울특별시 도봉구 방학1동 265-4,37.661372899999996,127.0370857,toilet/open,11191
22257,초안산근린공원-유아숲체험장 공중화장실 화장실,서울특별시 도봉구 창동 산24,37.650374400000004,127.040998,toilet/open,11192
22258,초안산근린공원-창골축구장 공중화장실 화장실,서울특별시 도봉구 창동 산48-4,37.6474261,127.0414291,toilet/open,11193
22259,초안산근린공원-세대공감공원 공중화장실 화장실,서울특별시 도봉구 창동 산184-5,37.644029499999995,127.046241,toilet/open,11194
22260,초안산근린공원-붕붕도서관 공중화장실 화장실,서울특별시 도봉구 창동 428,37.6447081,127.04915359999998,toilet/open,11195
22261,쌍문근린공원-세심천 공중화장실 화장실,서울특별시 도봉구 산90-7,37.675074200000005,127.0278943,toilet/open,11196
22262,방학사거리 공중화장실 화장실,서울특별시 도봉구 방학1동 649,37.6632648,127.04181709999999,toilet/open,11197
22264,월천근린공원 공중화장실 화장실,서울특별시 도봉구 창동 756-78,37.648965000000004,127.04336459999999,toilet/open,11198
22265,밤골어린이공원 공중화장실 화장실,서울특별시 도봉구 창동 368,37.6487425,127.0455405,toilet/open,11199
22266,뱃골어린이공원 공중화장실 화장실,서울특별시 도봉구 창동 367,37.6465143,127.04498319999999,toilet/open,11200
22267,대창어린이공원 공중화장실 화장실,서울특별시 도봉구 창동 38-4,37.644329299999995,127.05224390000001,toilet/open,11201
22268,도봉산입구 공중화장실 화장실,서울특별시 도봉구 도봉1동 282-26,37.6875981,127.04062659999998,toilet/open,11202
22363,일자산자연공원(둔촌약수터입구) 화장실,서울특별시 둔촌동 산6,37.5328679721,127.145497011,toilet/open,11203
22364,일자산자연공원(허브천무공원) 화장실,서울특별시 둔촌동 산94,37.5376248782,127.154309036,toilet/open,11204
22366,일자산자연공원(잔디광장옆) 화장실,서울특별시 강동구 둔촌동 140,37.533019182,127.15135792299999,toilet/open,11205
22367,명일근린공원(중앙하이츠뒷산) 화장실,서울특별시 강동구 상일동산54,37.5521457771,127.159427014,toilet/open,11206
22368,명일근린공원(상일동산) 화장실,서울특별시 강동구 상일동 산26-6,37.5490501185,127.16455804700001,toilet/open,11207
22392,서경빌딩 화장실,서울특별시 강동구 성내동539-3,37.53036011,127.122828864,toilet/open,11208
22417,샛마을 근린공원 화장실,서울특별시 강동구 고덕동287,37.5542406285,127.144710137,toilet/open,11209
22418,샘터근린공원(게이트볼장) 화장실,서울특별시 강동구 고덕동287,37.5618410456,127.159022104,toilet/open,11210
22421,두레근린공원 화장실,서울특별시 강동구 고덕동229,37.5614689326,127.164933959,toilet/open,11211
22423,동명근린공원 (베드민턴장) 화장실,서울특별시 강동구 고덕동 315,37.5597414548,127.16831648799999,toilet/open,11212
22424,성내하니 근린공원(경로당내) 화장실,서울특별시 강동구 성내동 533,37.529451588899995,127.126538169,toilet/open,11213
22425,게네수변공원(관리소내) 화장실,서울특별시 강동구 강일동 446-2,37.562288622,127.178703416,toilet/open,11214
22426,새장터어린이공원 화장실,서울특별시 강동구 암사동 468-2,37.552127145,127.130578126,toilet/open,11215
22427,광나루어린이공원 화장실,서울특별시 강동구 암사동 515,37.5500206647,127.125545395,toilet/open,11216
22428,고덕찬 물놀이장(분수광장) 화장실,서울특별시 강동구 상일동 480,37.5547065753,127.173375274,toilet/open,11217
22429,고덕야구장 (고덕빗물펌프장) 화장실,서울특별시 강동구 고덕동108,37.5675020544,127.16489292799999,toilet/open,11218
22431,명일2지구대 뒤 화장실,서울특별시 강동구 명일동 737,37.5557385056,127.172562814,toilet/open,11219
22433,상일공원 화장실,서울특별시 강동구 상일동188,37.5483666648,127.131943096,toilet/open,11220
22434,별장진잎로왼쪽 화장실,서울특별시 강동구 고덕동산98-1,37.5627434547,127.14680011799999,toilet/open,11221
22435,별장앞 화장실,서울특별시 강동구 고덕동 산93-1,37.5657016898,127.150169894,toilet/open,11222
22437,민속의 집 화장실,서울특별시 강동구 고덕동 215,37.5598110635,127.167519859,toilet/open,11223
22438,방죽공원 화장실,서울특별시 강동구 고덕동 296,37.5591585951,127.159826763,toilet/open,11224
22439,산등성이목조식 화장실,서울특별시 강동구 암사동 산274,37.5612526321,127.14581024600001,toilet/open,11225
22441,브라운스톤 천호 화장실,서울특별시 강동구 성내동 64-13,37.5380500481,127.123787385,toilet/open,11226
22442,홍익빌딩 화장실,서울특별시 강동구 성내3동 244-3,37.5343350876,127.13619059,toilet/open,11227
22443,둔촌역재례시장 화장실,서울특별시 강동구 둔촌동 416-16,37.5279894662,127.135296625,toilet/open,11228
22444,파크프라장상가 화장실,서울특별시 강동구 성내3동 428-2,37.5268837217,127.134697301,toilet/open,11229
22445,선린빌딩 화장실,서울특별시 강동구 길동 440,37.5350702422,127.13933276200001,toilet/open,11230
22446,동우빌딩 화장실,서울특별시 강동구 길동 458-5,37.534930623600005,127.138535981,toilet/open,11231
22447,중부빌딩 화장실,서울특별시 강동구 길동454-1,37.5346287619,127.13778868600001,toilet/open,11232
22448,일성오피스텔 화장실,서울특별시 강동구 천호3동 449-49,37.5352142686,127.13635964,toilet/open,11233
22449,힐탑오피스텔 화장실,서울특별시 강동구 천호동 451-20,37.5365858455,127.131365665,toilet/open,11234
22450,트레벨오피스텔 화장실,서울특별시 강동구  천호동 451-20,37.5372546436,127.129502195,toilet/open,11235
22451,강동빌딩 화장실,서울특별시 강동구 천호동 453-15,37.5378953122,127.12695976399999,toilet/open,11236
22452,일동빌딩 화장실,서울특별시 강동구 천호2동 454-15,37.5381085546,127.12639439,toilet/open,11237
22453,대우한강베네시티 화장실,서울특별시 강동구 천호동 425-5,37.5405535735,127.124977344,toilet/open,11238
22454,동서울 시장 화장실,서울특별시 강동구 천호동 422-1,37.5421682517,127.128256956,toilet/open,11239
22455,천호시장 화장실,서울특별시 강동구 천호동 425-5,37.5406554529,127.127444204,toilet/open,11240
22457,동양텍스빌 화장실,서울특별시 강동구 암사동 501-4,37.550169167199996,127.128211819,toilet/open,11241
22458,501타워 화장실,서울특별시 강동구 암사동 501-1,37.5508648295,127.12812700399999,toilet/open,11242
22459,암사종합시장(1) 화장실,서울특별시 강동구 암사동 501-28,37.550651154200004,127.129081759,toilet/open,11243
22460,암사종합시장(2) 화장실,서울특별시 강동구 암사동501-14,37.5509147686,127.12860238799999,toilet/open,11244
22461,암사영향센타 화장실,서울특별시 강동구 암사동 503-21,37.5522057324,127.127925596,toilet/open,11245
22462,태성프라자 화장실,서울특별시 강동구 암사2동 503-23,37.551546419,127.127725295,toilet/open,11246
22463,삼정빌딩 화장실,서울특별시 강동구 암사2동 512-17,37.549964856100004,127.127179404,toilet/open,11247
22464,신라빌딩 화장실,서울특별시 강동구 천호2동 456-17,37.5385798825,127.12374300200001,toilet/open,11248
22465,롯데리아명일드라이브점 화장실,서울특별시 강동구 명일1동 306-2,37.5529551137,127.143802296,toilet/open,11249
22466,웽빙메디칼빌딩 화장실,서울특별시 강동구 성내동 378,37.5341617144,127.13652064700001,toilet/open,11250
22467,남해빌딩 화장실,서울특별시 강동구 천호3동 51-7,37.5412636868,127.140874099,toilet/open,11251
22468,시온캐슬 화장실,서울특별시 강동구 명일동 306-1,37.5538559378,127.143944358,toilet/open,11252
22469,휴다임타워 화장실,서울특별시 강동구 길동459-3,37.534595945300005,127.13811447399999,toilet/open,11253
22470,강동헤르셔 화장실,서울특별시 강동구 천호동 447-17,37.5366055081,127.133117181,toilet/open,11254
22471,소망빌딩 화장실,서울특별시 강동구 성내동 420-42,37.5300155366,127.131557784,toilet/open,11255
22472,강일임폐리얼 화장실,서울특별시 강일동 675-3,37.5653804786,127.174119886,toilet/open,11256
22473,강일타워 화장실,서울특별시 강일동 675-7,37.5656223914,127.173817104,toilet/open,11257
22893,목동공중화장실 화장실,서울특별시 양천구 목동 131-3,37.545279,126.881914,toilet/open,11258
22894,오금교 입구 화장실,서울특별시 양천구 신정동 871-17,37.509943,126.873129,toilet/open,11259
22895,오금인라인장 화장실,서울특별시 양천구 신정동 871-6,37.513011,126.875832,toilet/open,11260
22896,신정교 별마루축구장 화장실,서울특별시 양천구 신정동 871-37,37.515985,126.877334,toilet/open,11261
22897,신정교 해마루축구장 화장실,서울특별시 양천구 신정동 871-37,37.518322,126.877559,toilet/open,11262
22898,오목교 출구 화장실,서울특별시 양천구 목동 409-402,37.525118,126.87809299999999,toilet/open,11263
22899,영학정 화장실,서울특별시 양천구 목동 409-386,37.528531,126.880599,toilet/open,11264
23054,목동인라인장 화장실,서울특별시 양천구 목동 409-383,37.533291,126.887739,toilet/open,11265
23055,양평교 화장실,서울특별시 양천구 목동 900-10,37.538869,126.886048,toilet/open,11266
23056,양화교 화장실,서울특별시 양천구 목동 900-10,37.542933000000005,126.884032,toilet/open,11267
23057,용왕산근린공원(A) 화장실,서울특별시 양천구 목2동 산12-3,37.323993,126.52400700000001,toilet/open,11268
23058,용왕산근린공원(B) 화장실,서울특별시 양천구 목2동 산23-5,37.323026,126.52263400000001,toilet/open,11269
23059,용왕산근린공원(C) 화장실,서울특별시 양천구 목2동 산12-3,37.323904,126.524106,toilet/open,11270
23060,계남근린공원(A) 화장실,서울특별시 양천구 신정3동 521,37.304896,126.504382,toilet/open,11271
23061,계남근린공원(B) 화장실,서울특별시 양천구 신정3동 621,37.303789,126.51256299999999,toilet/open,11272
23062,계남근린공원(C) 화장실,서울특별시 양천구 신정3동 621,37.303419,126.512227,toilet/open,11273
23063,계남근린공원(D) 화장실,서울특별시 양천구 신정3동 521,37.515331,126.850569,toilet/open,11274
23064,갈산근린공원(A) 화장실,서울특별시 양천구 신정7동 산73-4,37.303494,126.52130700000001,toilet/open,11275
23065,갈산근린공원(B) 화장실,서울특별시 양천구 신정7동 171-58,37.303075,126.520905,toilet/open,11276
23066,목마근린공원 화장실,서울특별시 양천구 목5동 910,37.321681,126.530694,toilet/open,11277
23067,파리근린공원 화장실,서울특별시 양천구 목5동 906,37.320421,126.52379199999999,toilet/open,11278
23068,오목근린공원 화장실,서울특별시 양천구 목1동 921,37.313928999999995,126.52245500000001,toilet/open,11279
23069,양천근린공원 화장실,서울특별시 양천구 신정6동 320,37.310412,126.52032700000001,toilet/open,11280
23070,신트리근린공원 화장실,서울특별시 양천구 신정1동 310-7,37.305085,126.512169,toilet/open,11281
23071,독서근린공원 화장실,서울특별시 양천구 신월7동 987,37.311401000000004,126.50307099999999,toilet/open,11282
23072,오솔길근린공원 화장실,서울특별시 양천구 신월7동 977,37.311278,126.500974,toilet/open,11283
23073,한울근린공원 화장실,서울특별시 양천구 신월7동 956,37.311091,126.495654,toilet/open,11284
23074,양지근린공원 화장실,서울특별시 양천구 신월7동 936,37.312106,126.49514099999999,toilet/open,11285
23075,목동근린공원 화장실,서울특별시 양천구 목2동 517-12,37.324705,126.524671,toilet/open,11286
23076,연의근린공원 화장실,서울특별시 양천구 신정3동 1320-9,37.304218,126.500297,toilet/open,11287
23077,장수공원 화장실,서울특별시 양천구 신월2동 894,37.312126,126.50588300000001,toilet/open,11288
23078,신정3호 화장실,서울특별시 양천구 신정3동 1032-14,37.310743,126.511362,toilet/open,11289
23079,신월근린공원 화장실,서울특별시 양천구 신월7동 987-2,37.310387,126.500009,toilet/open,11290
24373,서울(1) 화장실,서울특별시 중구 봉래동2가 122,37.5568778,126.9725778,toilet/open,11291
24374,시청(1) 화장실,서울특별시 중구 태평로1가 31,37.565682,126.97684879999998,toilet/open,11292
24375,종각 화장실,서울특별시 종로구 종로1가 44,37.5701747,126.9832262,toilet/open,11293
24376,종로3가(1)(종각역측) 화장실,서울특별시 종로구 종로3가 61-68,37.5703842,126.9920077,toilet/open,11294
24378,종로5가 화장실,서울특별시 종로구 종로5가 124-8,37.5708657,127.0019064,toilet/open,11295
24379,동대문(1) 화장실,서울특별시 종로구 창신1동 552,37.571742900000004,127.01116940000001,toilet/open,11296
24394,신설동(1) 화장실,서울특별시 동대문구 신설동 97-75,37.5760874,127.0245602,toilet/open,11297
24395,동묘앞(1층) 화장실,서울특별시 종로구 숭인동 117번지,37.5732808,127.0166486,toilet/open,11298
24399,제기동 화장실,서울특별시 동대문구 제기동 51,37.578162799999994,127.0346872,toilet/open,11299
24400,청량리 화장실,서울특별시 동대문구 전농2동 620-69,37.5799838,127.0455472,toilet/open,11300
24401,시청(2)(지하1층) 화장실,서울특별시 중구 서소문동 27,37.5612786,126.9693213,toilet/open,11301
24403,을지로입구 화장실,서울특별시 중구 을지로1가 89-1,37.5660664,126.9820222,toilet/open,11302
24404,을지로3가(2) 화장실,서울특별시 중구 을지로3가 70-1,37.566171000000004,126.9902025,toilet/open,11303
24405,을지로4가(2) 화장실,서울특별시 중구 을지로4가 261,37.566488799999995,126.996528,toilet/open,11304
24406,동대문역사문화공원(2) 화장실,서울특별시 중구 을지로7가 1,37.5657177,127.00848490000001,toilet/open,11305
24407,신당 화장실,서울특별시 중구 신당5동 106-1,37.565281299999995,127.0166395,toilet/open,11306
24408,상왕십리 화장실,서울특별시 성동구 하왕2동 946-14,37.5639331,127.02979309999999,toilet/open,11307
24409,왕십리 화장실,서울특별시 성동구 행당1동 246,37.5622586,127.03722759999998,toilet/open,11308
24410,한양대 화장실,서울특별시 성동구 행당동 산17,37.555259299999996,127.04365790000001,toilet/open,11309
24411,뚝섬 화장실,서울특별시 성동구 성수1가 656-745,37.5471773,127.04738020000002,toilet/open,11310
24412,성수 화장실,서울특별시 성동구 성수2가 300-1,37.5446009,127.05688470000001,toilet/open,11311
24413,용답 화장실,서울특별시 성동구 용답동 127,37.5586888,127.05317240000002,toilet/open,11312
24415,용두(내선 대합실) 화장실,서울특별시 동대문구 용두동 47-1,37.5738576,127.03798959999999,toilet/open,11313
24419,건대입구 화장실,서울특별시 광진구 화양동 7-3,37.5407487,127.06900139999999,toilet/open,11314
24420,구의 화장실,서울특별시 광진구 구의동 245-24,37.5382826,127.09075530000001,toilet/open,11315
24421,강변 화장실,서울특별시 광진구 구의3동 546-6,37.5354211,127.09453300000001,toilet/open,11316
24422,잠실나루 화장실,서울특별시 송파구 신천동 1,37.5186216,127.1049002,toilet/open,11317
24423,잠실 화장실,서울특별시 송파구 잠실5동 27,37.5176605,127.0746594,toilet/open,11318
24424,신천 화장실,서울특별시 송파구 잠실본동 5,37.511568100000005,127.0906077,toilet/open,11319
24427,삼성 화장실,서울특별시 강남구 삼성동 172-82,37.508826299999996,127.0630673,toilet/open,11320
24429,역삼 화장실,서울특별시 강남구 역삼1동 737,37.4981284,127.02830300000001,toilet/open,11321
24431,교대(2) 화장실,서울특별시 서초구 서초1동 1715-9,37.4948466,127.0172856,toilet/open,11322
24432,서초 화장실,서울특별시 서초구 서초3동 1500,37.492764799999996,127.01054140000001,toilet/open,11323
24433,방배 화장실,서울특별시 서초구 방배동 225,37.4812965,126.9973202,toilet/open,11324
24434,사당(2)(방배역측) 화장실,서울특별시 동작구 사당1동 1112,37.4764838,126.9813957,toilet/open,11325
24436,낙성대 화장실,서울특별시 관악구 봉천6동 1693-38,37.4770283,126.96339590000001,toilet/open,11326
24437,서울대입구 화장실,서울특별시 관악구 봉천6동 979-1,37.4811133,126.95263440000001,toilet/open,11327
24438,봉천 화장실,서울특별시 관악구 봉천8동 930-45,37.4825178,126.94148100000001,toilet/open,11328
24439,신림 화장실,서울특별시 관악구 신림본동 1640-1,37.4841776,126.92978870000002,toilet/open,11329
24440,신대방 화장실,서울특별시 동작구 신대방1동 643-1,37.4875104,126.91299140000001,toilet/open,11330
24442,구로디지털단지 화장실,서울특별시 구로구 구로3동 810-3,37.4851265,126.9015288,toilet/open,11331
24443,신도림(게이트 내) 화장실,서울특별시 구로구 신도림동460-26,37.508686700000005,126.8909033,toilet/open,11332
24445,도림천 화장실,서울특별시 구로구 신도림동271-62,37.5144011,126.88268459999999,toilet/open,11333
24446,양천구청 화장실,서울특별시 양천구 신정7동 165-1,37.5125175,126.8657108,toilet/open,11334
24447,신정네거리 화장실,서울특별시 양천구 신정3동 1231,37.5182935,126.8536189,toilet/open,11335
24448,문래 화장실,서울특별시 영등포구 문래동3가 54,37.5178873,126.89475130000001,toilet/open,11336
24449,영등포구청 화장실,서울특별시 영등포구 당산동3가 385,37.525656299999994,126.8966142,toilet/open,11337
24450,당산 화장실,서울특별시 영등포구 당산동5가 323-1,37.5349309,126.9027301,toilet/open,11338
24451,합정 화장실,서울특별시 마포구 서교동 393,37.5500077,126.91450390000001,toilet/open,11339
24452,홍대입구 화장실,서울특별시 마포구 동교동 165,37.5567292,126.92364189999999,toilet/open,11340
24453,신촌 화장실,서울특별시 마포구 노고산동 31-11,37.5546671,126.93749950000002,toilet/open,11341
24454,이대 화장실,서울특별시 마포구 대흥동 2,37.5568129,126.94771180000001,toilet/open,11342
24455,아현 화장실,서울특별시 마포구 아현2동 329,37.5558896,126.95566090000001,toilet/open,11343
24456,충정로 화장실,서울특별시 서대문구 충정로3가 295-60,37.559492600000006,126.9638176,toilet/open,11344
24457,구파발 화장실,서울특별시 은평구 진관내동 533,37.637536700000005,126.9185875,toilet/open,11345
24458,연신내 화장실,서울특별시 은평구 갈현동 439,37.6188881,126.920832,toilet/open,11346
24459,불광 화장실,서울특별시 은평구 불광1동 281,37.610482899999994,126.9292884,toilet/open,11347
24460,녹번 화장실,서울특별시 은평구 녹번동 48,37.6007017,126.93600479999999,toilet/open,11348
24461,홍제 화장실,서울특별시 서대문구 홍제동 330-66,37.588671999999995,126.94422659999998,toilet/open,11349
24462,무악재 화장실,서울특별시 서대문구 홍제4동 26-1,37.5823607,126.9504375,toilet/open,11350
24463,독립문 화장실,서울특별시 서대문구 현저동 101,37.5743009,126.95591780000001,toilet/open,11351
24464,경복궁 화장실,서울특별시 종로구 적선동 81-1,37.5758199,126.97305790000001,toilet/open,11352
24465,안국 화장실,서울특별시 종로구 안국동 148,37.576696000000005,126.98580359999998,toilet/open,11353
24466,종로3가(3)(지하3층) 화장실,서울특별시 종로구 묘동 59,37.571195700000004,126.9919594,toilet/open,11354
24468,을지로3가(3) 화장실,서울특별시 중구 을지로3가 118,37.5664121,126.9941848,toilet/open,11355
24469,동대입구 화장실,서울특별시 중구 장충동2가 189-2,37.5592266,127.005275,toilet/open,11356
24470,약수 화장실,서울특별시 중구 신당3동 373-13,37.554379499999996,127.01101640000002,toilet/open,11357
24471,금호 화장실,서울특별시 성동구 금호4가 1470,37.5480381,127.01588259999998,toilet/open,11358
24472,옥수(3층 환승통로측) 화장실,서울특별시 성동구 옥수동 168-1,37.5466746,127.01624479999998,toilet/open,11359
24473,신답 화장실,서울특별시 성동구 용답동 128,37.569744,127.0469446,toilet/open,11360
24475,압구정 화장실,서울특별시 강남구 압구정동 668,37.523526399999994,127.0283255,toilet/open,11361
24476,신사 화장실,서울특별시 강남구 신사동 501,37.5163915,127.02030729999998,toilet/open,11362
24477,잠원 화장실,서울특별시 서초구 잠원동 65-17,37.513081799999995,127.0118568,toilet/open,11363
24479,남부터미널 화장실,서울특별시 강남구 서초3동 1446-1,37.4866605,127.01521840000001,toilet/open,11364
24480,양재 화장실,서울특별시 서초구 양재1동산 27-2,37.4847605,127.033371,toilet/open,11365
24481,매봉 화장실,서울특별시 강남구 도곡2동 464-1,37.486940600000004,127.04662140000002,toilet/open,11366
24482,도곡 화장실,서울특별시 강남구 도곡2동 467-5,37.4908245,127.0553064,toilet/open,11367
24483,대치 화장실,서울특별시 강남구 대치2동 509,37.4945429,127.0634256,toilet/open,11368
24484,학여울 화장실,서울특별시 강남구 대치동 514,37.4966789,127.0717054,toilet/open,11369
24485,대청 화장실,서울특별시 강남구 개포동 18-10,37.493686100000005,127.0794787,toilet/open,11370
24486,일원 화장실,서울특별시 강남구 일원본동 214,37.4839534,127.08441270000002,toilet/open,11371
24487,수서 화장실,서울특별시 강남구 수서동 439-2,37.4873499,127.1018416,toilet/open,11372
24488,가락시장(게이트 내) 화장실,서울특별시 송파구 가락동 298번지,37.4928982,127.1180582,toilet/open,11373
24490,경찰병원(게이트 내) 화장실,서울특별시 송파구 가락본동 58번지,37.4983224,127.1256757,toilet/open,11374
24492,오금(게이트 내) 화장실,서울특별시 송파구 오금동 44-2번지,37.50324620000001,127.1263422,toilet/open,11375
24494,당고개(1층) 화장실,서울특별시 노원구 상계4동 111,37.670556299999994,127.0793058,toilet/open,11376
24495,상계 화장실,서울특별시 노원구 상계5동 173,37.6610953,127.07352560000001,toilet/open,11377
24496,노원 화장실,서울특별시 노원구 상계2동 335,37.6558674,127.06199109999999,toilet/open,11378
24498,쌍문 화장실,서울특별시 도봉구 창1동 659-12,37.6488107,127.034866,toilet/open,11379
24499,수유 화장실,서울특별시 강북구 수유3동 140,37.6397753,127.0272077,toilet/open,11380
24500,미아 화장실,서울특별시 강북구 미아3동 197-14,37.6298777,127.02471409999998,toilet/open,11381
24501,미아사거리 화장실,서울특별시 강북구 미아4동 71-5,37.6151041,127.03004609999999,toilet/open,11382
24502,길음 화장실,서울특별시 성북구 길음1동 877-66,37.60322539999999,127.02496470000001,toilet/open,11383
24503,성신여대 화장실,서울특별시 성북구 동선동 4가 1,37.5930482,127.01671359999999,toilet/open,11384
24504,대림 화장실,서울특별시 구로구 구로6동125-66,37.49250429999999,126.8949615,toilet/open,11385
24505,혜화 화장실,서울특별시 종로구 명륜동4가 1,37.581893,127.0019528,toilet/open,11386
24506,동대문(4) 화장실,서울특별시 종로구 종로6가 69,37.5703848,127.009529,toilet/open,11387
24507,동대문역사문화공원(4)(지하1층) 화장실,서울특별시 중구 광희동1가 194,37.5644784,127.0071588,toilet/open,11388
24509,충무로 화장실,서울특별시 중구 충무로4가 125,37.561159100000005,126.994398,toilet/open,11389
24510,명동 화장실,서울특별시 중구 충무로1가 64,37.560822200000004,126.9853555,toilet/open,11390
24511,회현 화장실,서울특별시 중구 남창동 46,37.5590295,126.9772521,toilet/open,11391
24512,서울(4) 화장실,서울특별시 용산구 동자동 14,37.535982399999995,126.9713509,toilet/open,11392
24513,숙대입구 화장실,서울특별시 용산구 갈월동 101,37.545527500000006,126.97196969999999,toilet/open,11393
24514,삼각지 화장실,서울특별시 용산구 한강로1가 293,37.5343935,126.9730142,toilet/open,11394
24515,신용산 화장실,서울특별시 용산구 한강로2가 181,37.5293642,126.96829850000002,toilet/open,11395
24516,이촌 화장실,서울특별시 용산구 용산동 5가 17,37.5224811,126.9736707,toilet/open,11396
24517,동작 화장실,서울특별시 동작구 동작동 121-5,37.5034647,126.97992649999999,toilet/open,11397
24518,총신대입구 화장실,서울특별시 동작구 사당2동 9-31,37.487513799999995,126.9821618,toilet/open,11398
24519,사당(4)(지하1층 총신대역측) 화장실,서울특별시 동작구 사당1동 1112,37.4768251,126.98158329999998,toilet/open,11399
24522,남태령 화장실,서울특별시 서초구 방배2동 2909,37.4643638,126.9892695,toilet/open,11400
24526,한성대 화장실,서울특별시 성북구 삼선동1가 14,37.5880209,127.0057966,toilet/open,11401
24612,양재근린공원 화장실,서울특별시 서초구 양재동 311,37.4716635953,127.042356418,toilet/open,11402
24613,양재천근린공원 화장실,서울특별시 서초구 양재동 261-22,37.4761184197,127.04170774299999,toilet/open,11403
24726,생태놀이터 화장실,서울특별시 서초구 우면동 71,37.4732137508,127.029044613,toilet/open,11404
24727,섬들근린공원 화장실,서울특별시 서초구 우면동 729,37.4631052316,127.025473349,toilet/open,11405
24728,몽마르뜨공원 화장실,서울특별시 서초구 반포동 산59-1,37.4964776852,127.004043895,toilet/open,11406
24729,용허리근린공원 화장실,서울특별시 서초구 서초동 1324-1,37.494255446,127.022941865,toilet/open,11407
24730,송동근린공원 화장실,서울특별시 서초구 우면동 777,37.4587886437,127.01994709899999,toilet/open,11408
24732,청계산 공영주차장 화장실 화장실,서울특별시 서초구 원지동 362-1,37.4454271408,127.05705518799999,toilet/open,11409
24733,청계산 천개사 앞 화장실 화장실,서울특별시 서초구 원지동 420-2,37.4422097221,127.05493281700001,toilet/open,11410
24734,청계산 어둔골 화장실 화장실,서울특별시 서초구 원지동 산23-1,37.4410075603,127.051388234,toilet/open,11411
24735,청계산 원터쉼터 화장실 화장실,서울특별시 서초구 원지동 산4-13,37.4367393715,127.044949157,toilet/open,11412
24736,청계산 청계골입구 화장실 화장실,서울특별시 서초구 원지동 산5,37.434713322600004,127.062113585,toilet/open,11413
24738,청계산 개나리골입구화장실 화장실,서울특별시 서초구 원지동 산72,37.4510053035,127.042046405,toilet/open,11414
24739,구룡산 입구 화장실 화장실,서울특별시 서초구 염곡동 산38,37.4633673051,127.058701034,toilet/open,11415
24740,말죽거리공원 화장실 화장실,서울특별시 서초구 서초동 258-2,37.482719932399995,127.033819575,toilet/open,11416
24741,우면산(서초약수터) 화장실,서울특별시 서초구 서초동 431-6,37.482297673699996,127.02075383200001,toilet/open,11417
24743,우면산(예술바위 주변) 화장실,서울특별시 서초구 우면동 산8-1,37.4760159064,127.020354147,toilet/open,11418
24744,우면산(신동아아파트 앞) 화장실,서울특별시 서초구 방배동 산92-1,37.4707485433,127.001424374,toilet/open,11419
24746,우면산(남태령 정각사) 화장실,서울특별시 서초구 방배동 산190-2,37.4623721833,126.988411864,toilet/open,11420
24747,우면산(소망탑 깔딱고개) 화장실,서울특별시 서초구 서초동 산150-15,37.4745142947,127.010653946,toilet/open,11421
24749,도구머리공원 화장실,서울특별시 서초구 방배동 산75-4,37.479596039,126.989915149,toilet/open,11422
24750,간이화장실 화장실,서울특별시 서초구 반포동 115-4,37.5081943527,126.995634263,toilet/open,11423
24752,방배배수지 체육공원 화장실,서울특별시 서초구 방배동 599,37.4727269304,126.992461925,toilet/open,11424
24762,양재천수영장 화장실,서울특별시 서초구 양재동 126-1,37.473464195,127.035750814,toilet/open,11425
24764,양재천(영동2교둑마루) 화장실,서울특별시 서초구 양재동 261-23,37.4766230551,127.041509047,toilet/open,11426
24765,양재천무인자동화장실(교총삼거리둑마루) 화장실,서울특별시 서초구 우면동 143-6,37.468269086,127.02871261799999,toilet/open,11427
24907,살곶이 진입 화장실,서울특별시 성동구 사근동 102-28,37.54954,127.03496899999999,toilet/open,11428
24908,살곶이 진출 화장실,서울특별시 성동구 사근동 102-28,37.553132,127.028349,toilet/open,11429
24910,궁터장 화장실,서울특별시 성동구 행당동 81-4,37.5461,127.010581,toilet/open,11430
24912,송정농구장 화장실,서울특별시 성동구 송정동 73-24,37.567202,127.041067,toilet/open,11431
24913,송정제방 화장실,서울특별시 성동구 송정동 75-20,37.569826,127.04410800000001,toilet/open,11432
24914,상원 앞 화장실,서울특별시 성동구 성수동1가 2-20,37.549915999999996,127.028741,toilet/open,11433
24916,자전거체험장 화장실,서울특별시 성동구 마장동 811,37.553973,127.04632600000001,toilet/open,11434
24919,응봉산 팔각정 화장실,서울특별시 성동구 금호4가 1539,37.548457,127.03193,toilet/open,11435
24922,응봉자전거대여소 화장실,서울특별시 성동구 응봉동 3-11,37.548505,127.03086699999999,toilet/open,11436
24926,매봉산지하수 옆 화장실,서울특별시 성동구 옥수동 산5-164,37.544808,127.05240500000001,toilet/open,11437
24929,응봉교 아래 화장실,서울특별시 성동구 응봉동 244-2,37.55127,127.037219,toilet/open,11438
24930,응봉체육공원 화장실,서울특별시 성동구 응봉동 9-4,37.557596999999994,127.037251,toilet/open,11439
24931,무학봉 화장실,서울특별시 성동구 하왕십리동 890-334,37.544849,127.02061100000002,toilet/open,11440
24932,중랑물재생센터 화장실,서울특별시 성동구 송정동 73-37,37.567892,127.039399,toilet/open,11441
24933,성삼공원 화장실,서울특별시 성동구 성수동2가 273-11,37.561611,127.026948,toilet/open,11442
24934,성수근린공원 화장실,서울특별시 성동구 성수동2가 302-25,37.566074,127.047049,toilet/open,11443
24941,독서당공원 화장실,서울특별시 성동구 금호동1가 산37-7,37.556445000000004,127.01951799999999,toilet/open,11444
24943,왕십리문화공원 화장실,서울특별시 성동구 도선동 35-2,37.553588,127.04191599999999,toilet/open,11445
24945,한양대 앞 화장실,서울특별시 성동구 행당동 157-4,37.566103999999996,127.04575700000001,toilet/open,11446
24946,행당어린이공원 화장실,서울특별시 성동구 행당동 128-417,37.56176,127.03526299999999,toilet/open,11447
