,place_name,place_id,facility_available_name,facility_id,facility_is_available
0,가락시장,0,화장실,900000,이용가능
1,가락시장,0,엘리베이터,900001,이용가능
2,가락시장,0,휠체어리프트,900002,이용가능
3,가산디지털단지,1,에스켈레이터,900003,이용가능
4,가산디지털단지,1,화장실,900004,이용가능
5,가산디지털단지,1,엘리베이터,900005,이용가능
6,가산디지털단지,1,휠체어리프트,900006,이용가능
7,강남,3,화장실,900007,이용가능
8,강남,3,엘리베이터,900008,이용가능
9,강남,3,에스켈레이터,900009,이용가능
10,강남구청,4,에스켈레이터,900010,이용가능
11,강남구청,4,화장실,900011,이용가능
12,강남구청,4,엘리베이터,900012,이용가능
13,강남구청,4,휠체어리프트,900013,이용가능
14,강동,5,화장실,900014,이용가능
15,강동,5,엘리베이터,900015,이용가능
16,강동,5,에스켈레이터,900016,이용가능
17,강동,5,휠체어리프트,900017,이용가능
18,강동구청,6,화장실,900018,이용가능
19,강동구청,6,엘리베이터,900019,이용가능
20,강동구청,6,에스켈레이터,900020,이용가능
21,강변,7,화장실,900021,이용가능
22,강변,7,엘리베이터,900022,이용가능
23,강변,7,휠체어리프트,900023,이용가능
24,개농,8,화장실,900024,이용가능
25,개농,8,엘리베이터,900025,이용가능
26,개화산,10,화장실,900026,이용가능
27,개화산,10,엘리베이터,900027,이용가능
28,거여,11,화장실,900028,이용가능
29,거여,11,에스켈레이터,900029,이용가능
30,거여,11,엘리베이터,900030,이용가능
31,거여,11,휠체어리프트,900031,이용가능
32,건대입구,12,화장실,900032,이용가능
33,건대입구,12,엘리베이터,900033,이용가능
34,건대입구,12,에스켈레이터,900034,이용가능
35,건대입구,12,휠체어리프트,900035,이용가능
36,경복궁,14,엘리베이터,900036,이용가능
37,경복궁,14,화장실,900037,이용가능
38,고덕,15,화장실,900038,이용가능
39,고덕,15,엘리베이터,900039,이용가능
40,고덕,15,에스켈레이터,900040,이용가능
41,고려대,16,화장실,900041,이용가능
42,고려대,16,엘리베이터,900042,이용가능
43,고려대,16,에스켈레이터,900043,이용가능
44,고속터미널,17,화장실,900044,이용가능
45,고속터미널,17,엘리베이터,900045,이용가능
46,공덕,20,엘리베이터,900046,이용가능
47,공덕,20,에스켈레이터,900047,이용가능
48,공덕,20,화장실,900048,이용가능
49,공릉,21,에스켈레이터,900049,이용가능
50,공릉,21,엘리베이터,900050,이용가능
51,공릉,21,화장실,900051,이용가능
52,광나루,24,화장실,900052,이용가능
53,광나루,24,엘리베이터,900053,이용가능
54,광나루,24,휠체어리프트,900054,이용가능
55,광명사거리,25,화장실,900055,이용가능
56,광명사거리,25,엘리베이터,900056,이용가능
57,광명사거리,25,휠체어리프트,900057,이용가능
58,광화문,26,엘리베이터,900058,이용가능
59,광화문,26,에스켈레이터,900059,이용가능
60,광화문,26,화장실,900060,이용가능
61,광화문,26,휠체어리프트,900061,이용가능
62,광흥창,27,화장실,900062,이용가능
63,광흥창,27,엘리베이터,900063,이용가능
64,광흥창,27,휠체어리프트,900064,이용가능
65,교대,28,화장실,900065,이용가능
66,교대,28,엘리베이터,900066,이용가능
67,교대,28,에스켈레이터,900067,이용가능
68,구로디지털단지,30,화장실,900068,이용가능
69,구로디지털단지,30,엘리베이터,900069,이용가능
70,구산,31,화장실,900070,이용가능
71,구산,31,엘리베이터,900071,이용가능
72,구산,31,에스켈레이터,900072,이용가능
73,구산,31,휠체어리프트,900073,이용가능
74,구의,32,화장실,900074,이용가능
75,구의,32,엘리베이터,900075,이용가능
76,구의,32,에스켈레이터,900076,이용가능
77,구파발,34,화장실,900077,이용가능
78,구파발,34,엘리베이터,900078,이용가능
79,구파발,34,에스켈레이터,900079,이용가능
80,군자,35,화장실,900080,이용가능
81,군자,35,엘리베이터,900081,이용가능
82,굽은다리,37,화장실,900082,이용가능
83,굽은다리,37,에스켈레이터,900083,이용가능
84,굽은다리,37,엘리베이터,900084,이용가능
85,금호,39,화장실,900085,이용가능
86,금호,39,엘리베이터,900086,이용가능
87,길동,40,에스켈레이터,900087,이용가능
88,길동,40,화장실,900088,이용가능
89,길동,40,엘리베이터,900089,이용가능
90,길음,41,엘리베이터,900090,이용가능
91,길음,41,화장실,900091,이용가능
92,김포공항,42,화장실,900092,이용가능
93,김포공항,42,엘리베이터,900093,이용가능
94,김포공항,42,에스켈레이터,900094,이용가능
95,까치산,43,화장실,900095,이용가능
96,까치산,43,에스켈레이터,900096,이용가능
97,까치산,43,엘리베이터,900097,이용가능
98,까치산,43,휠체어리프트,900098,이용가능
99,낙성대,44,화장실,900099,이용가능
100,낙성대,44,엘리베이터,900100,이용가능
101,낙성대,44,에스켈레이터,900101,이용가능
102,남구로,45,화장실,900102,이용가능
103,남구로,45,에스켈레이터,900103,이용가능
104,남구로,45,휠체어리프트,900104,이용가능
105,남부터미널,46,화장실,900105,이용가능
106,남부터미널,46,엘리베이터,900106,이용가능
107,남성,47,화장실,900107,이용가능
108,남성,47,엘리베이터,900108,이용가능
109,남성,47,에스켈레이터,900109,이용가능
110,남태령,49,화장실,900110,이용가능
111,남태령,49,엘리베이터,900111,이용가능
112,남태령,49,에스켈레이터,900112,이용가능
113,남태령,49,휠체어리프트,900113,이용가능
114,남한산성입구,50,화장실,900114,이용가능
115,남한산성입구,50,엘리베이터,900115,이용가능
116,남한산성입구,50,휠체어리프트,900116,이용가능
117,내방,51,화장실,900117,이용가능
118,내방,51,엘리베이터,900118,이용가능
119,내방,51,에스켈레이터,900119,이용가능
120,노원,53,에스켈레이터,900120,이용가능
121,노원,53,화장실,900121,이용가능
122,노원,53,엘리베이터,900122,이용가능
123,노원,53,휠체어리프트,900123,이용가능
124,녹번,54,엘리베이터,900124,이용가능
125,녹번,54,화장실,900125,이용가능
126,녹사평,55,화장실,900126,이용가능
127,녹사평,55,엘리베이터,900127,이용가능
128,논현,57,엘리베이터,900128,이용가능
129,논현,57,에스켈레이터,900129,이용가능
130,논현,57,화장실,900130,이용가능
131,논현,57,휠체어리프트,900131,이용가능
132,단대오거리,58,엘리베이터,900132,이용가능
133,단대오거리,58,화장실,900133,이용가능
134,답십리,59,화장실,900134,이용가능
135,답십리,59,엘리베이터,900135,이용가능
136,답십리,59,에스켈레이터,900136,이용가능
137,답십리,59,휠체어리프트,900137,이용가능
138,당고개,60,엘리베이터,900138,이용가능
139,당고개,60,화장실,900139,이용가능
140,당산,61,화장실,900140,이용가능
141,당산,61,엘리베이터,900141,이용가능
142,대림,64,화장실,900142,이용가능
143,대림,64,엘리베이터,900143,이용가능
144,대림,64,에스켈레이터,900144,이용가능
145,대림,64,휠체어리프트,900145,이용가능
146,대청,67,화장실,900146,이용가능
147,대청,67,엘리베이터,900147,이용가능
148,대치,68,화장실,900148,이용가능
149,대치,68,엘리베이터,900149,이용가능
150,대치,68,에스켈레이터,900150,이용가능
151,대흥,70,화장실,900151,이용가능
152,대흥,70,엘리베이터,900152,이용가능
153,대흥,70,에스켈레이터,900153,이용가능
154,대흥,70,휠체어리프트,900154,이용가능
155,도곡,71,화장실,900155,이용가능
156,도곡,71,엘리베이터,900156,이용가능
157,도곡,71,에스켈레이터,900157,이용가능
158,도림천,72,화장실,900158,이용가능
159,도림천,72,엘리베이터,900159,이용가능
160,도봉산,74,엘리베이터,900160,이용가능
161,도봉산,74,화장실,900161,이용가능
162,독립문,76,화장실,900162,이용가능
163,독립문,76,엘리베이터,900163,이용가능
164,독립문,76,에스켈레이터,900164,이용가능
165,독립문,76,휠체어리프트,900165,이용가능
166,독바위,77,화장실,900166,이용가능
167,독바위,77,엘리베이터,900167,이용가능
168,독바위,77,에스켈레이터,900168,이용가능
169,돌곶이,79,엘리베이터,900169,이용가능
170,돌곶이,79,에스켈레이터,900170,이용가능
171,돌곶이,79,화장실,900171,이용가능
172,동대문,80,화장실,900172,이용가능
173,동대문,80,엘리베이터,900173,이용가능
174,동대문,80,에스켈레이터,900174,이용가능
175,동대문,80,휠체어리프트,900175,이용가능
176,동대문역사문화공원,81,화장실,900176,이용가능
177,동대문역사문화공원,81,엘리베이터,900177,이용가능
178,동대문역사문화공원,81,에스켈레이터,900178,이용가능
179,동대문역사문화공원,81,휠체어리프트,900179,이용가능
180,동대문운동장,82,에스켈레이터,900180,이용가능
181,동대문운동장,82,화장실,900181,이용가능
182,동대문운동장,82,엘리베이터,900182,이용가능
183,동대문운동장,82,휠체어리프트,900183,이용가능
184,동대입구,83,화장실,900184,이용가능
185,동대입구,83,엘리베이터,900185,이용가능
186,동대입구,83,에스켈레이터,900186,이용가능
187,동묘앞,84,화장실,900187,이용가능
188,동묘앞,84,에스켈레이터,900188,이용가능
189,동묘앞,84,엘리베이터,900189,이용가능
190,동묘앞,84,휠체어리프트,900190,이용가능
191,동작,87,엘리베이터,900191,이용가능
192,동작,87,화장실,900192,이용가능
193,둔촌동,89,화장실,900193,이용가능
194,둔촌동,89,엘리베이터,900194,이용가능
195,둔촌동,89,에스켈레이터,900195,이용가능
196,뚝섬,90,화장실,900196,이용가능
197,뚝섬,90,엘리베이터,900197,이용가능
198,뚝섬유원지,91,엘리베이터,900198,이용가능
199,뚝섬유원지,91,화장실,900199,이용가능
200,뚝섬유원지,91,에스켈레이터,900200,이용가능
201,마들,94,화장실,900201,이용가능
202,마들,94,엘리베이터,900202,이용가능
203,마들,94,에스켈레이터,900203,이용가능
204,마들,94,휠체어리프트,900204,이용가능
205,마장,95,화장실,900205,이용가능
206,마장,95,엘리베이터,900206,이용가능
207,마장,95,휠체어리프트,900207,이용가능
208,마포,97,화장실,900208,이용가능
209,마포,97,엘리베이터,900209,이용가능
210,마포,97,에스켈레이터,900210,이용가능
211,마포구청,98,화장실,900211,이용가능
212,마포구청,98,엘리베이터,900212,이용가능
213,마포구청,98,에스켈레이터,900213,이용가능
214,마포구청,98,휠체어리프트,900214,이용가능
215,망원,99,화장실,900215,이용가능
216,망원,99,에스켈레이터,900216,이용가능
217,망원,99,엘리베이터,900217,이용가능
218,매봉,101,화장실,900218,이용가능
219,매봉,101,엘리베이터,900219,이용가능
220,먹골,102,엘리베이터,900220,이용가능
221,먹골,102,에스켈레이터,900221,이용가능
222,먹골,102,화장실,900222,이용가능
223,면목,103,화장실,900223,이용가능
224,면목,103,엘리베이터,900224,이용가능
225,면목,103,에스켈레이터,900225,이용가능
226,명동,104,엘리베이터,900226,이용가능
227,명동,104,화장실,900227,이용가능
228,명동,104,휠체어리프트,900228,이용가능
229,명일,105,엘리베이터,900229,이용가능
230,명일,105,에스켈레이터,900230,이용가능
231,명일,105,화장실,900231,이용가능
232,모란,107,엘리베이터,900232,이용가능
233,모란,107,에스켈레이터,900233,이용가능
234,모란,107,화장실,900234,이용가능
235,모란,107,휠체어리프트,900235,이용가능
236,목동,108,화장실,900236,이용가능
237,목동,108,엘리베이터,900237,이용가능
238,목동,108,에스켈레이터,900238,이용가능
239,몽촌토성,109,화장실,900239,이용가능
240,몽촌토성,109,엘리베이터,900240,이용가능
241,몽촌토성,109,에스켈레이터,900241,이용가능
242,무악재,110,화장실,900242,이용가능
243,무악재,110,엘리베이터,900243,이용가능
244,문래,111,엘리베이터,900244,이용가능
245,문래,111,화장실,900245,이용가능
246,문정,112,화장실,900246,이용가능
247,문정,112,엘리베이터,900247,이용가능
248,미아,113,화장실,900248,이용가능
249,미아,113,엘리베이터,900249,이용가능
250,미아삼거리,114,화장실,900250,이용가능
251,미아삼거리,114,엘리베이터,900251,이용가능
252,반포,116,엘리베이터,900252,이용가능
253,반포,116,화장실,900253,이용가능
254,반포,116,에스켈레이터,900254,이용가능
255,반포,116,휠체어리프트,900255,이용가능
256,발산,117,화장실,900256,이용가능
257,발산,117,엘리베이터,900257,이용가능
258,방배,118,화장실,900258,이용가능
259,방배,118,엘리베이터,900259,이용가능
260,방이,119,화장실,900260,이용가능
261,방이,119,엘리베이터,900261,이용가능
262,방화,121,엘리베이터,900262,이용가능
263,방화,121,화장실,900263,이용가능
264,버티고개,124,엘리베이터,900264,이용가능
265,버티고개,124,에스켈레이터,900265,이용가능
266,버티고개,124,화장실,900266,이용가능
267,보라매,127,화장실,900267,이용가능
268,보라매,127,엘리베이터,900268,이용가능
269,보라매,127,에스켈레이터,900269,이용가능
270,보문,128,엘리베이터,900270,이용가능
271,보문,128,에스켈레이터,900271,이용가능
272,보문,128,화장실,900272,이용가능
273,보문,128,휠체어리프트,900273,이용가능
274,복정,129,에스켈레이터,900274,이용가능
275,복정,129,화장실,900275,이용가능
276,복정,129,엘리베이터,900276,이용가능
277,복정,129,휠체어리프트,900277,이용가능
278,봉천,130,화장실,900278,이용가능
279,봉천,130,엘리베이터,900279,이용가능
280,봉화산,131,화장실,900280,이용가능
281,봉화산,131,엘리베이터,900281,이용가능
282,봉화산,131,에스켈레이터,900282,이용가능
283,봉화산,131,휠체어리프트,900283,이용가능
284,불광,135,화장실,900284,이용가능
285,불광,135,엘리베이터,900285,이용가능
286,불광,135,에스켈레이터,900286,이용가능
287,불광,135,휠체어리프트,900287,이용가능
288,사가정,136,화장실,900288,이용가능
289,사가정,136,엘리베이터,900289,이용가능
290,사가정,136,에스켈레이터,900290,이용가능
291,사당,137,화장실,900291,이용가능
292,사당,137,엘리베이터,900292,이용가능
293,사당,137,에스켈레이터,900293,이용가능
294,사당,137,휠체어리프트,900294,이용가능
295,산성,139,화장실,900295,이용가능
296,산성,139,엘리베이터,900296,이용가능
297,삼각지,140,화장실,900297,이용가능
298,삼각지,140,엘리베이터,900298,이용가능
299,삼각지,140,에스켈레이터,900299,이용가능
300,삼각지,140,휠체어리프트,900300,이용가능
301,삼성,141,엘리베이터,900301,이용가능
302,삼성,141,화장실,900302,이용가능
303,상계,143,화장실,900303,이용가능
304,상계,143,엘리베이터,900304,이용가능
305,상계,143,휠체어리프트,900305,이용가능
306,상도,144,엘리베이터,900306,이용가능
307,상도,144,화장실,900307,이용가능
308,상도,144,에스켈레이터,900308,이용가능
309,상봉,146,화장실,900309,이용가능
310,상봉,146,엘리베이터,900310,이용가능
311,상수,147,에스켈레이터,900311,이용가능
312,상수,147,엘리베이터,900312,이용가능
313,상수,147,화장실,900313,이용가능
314,상수,147,휠체어리프트,900314,이용가능
315,상왕십리,148,엘리베이터,900315,이용가능
316,상왕십리,148,화장실,900316,이용가능
317,상월곡,149,화장실,900317,이용가능
318,상월곡,149,엘리베이터,900318,이용가능
319,상월곡,149,에스켈레이터,900319,이용가능
320,상월곡,149,휠체어리프트,900320,이용가능
321,상일동,150,화장실,900321,이용가능
322,상일동,150,에스켈레이터,900322,이용가능
323,상일동,150,휠체어리프트,900323,이용가능
324,새절,151,화장실,900324,이용가능
325,새절,151,엘리베이터,900325,이용가능
326,새절,151,에스켈레이터,900326,이용가능
327,서대문,152,화장실,900327,이용가능
328,서대문,152,엘리베이터,900328,이용가능
329,서대문,152,에스켈레이터,900329,이용가능
330,서울대입구,153,화장실,900330,이용가능
331,서울대입구,153,엘리베이터,900331,이용가능
332,서울역,154,에스켈레이터,900332,이용가능
333,서울역,154,화장실,900333,이용가능
334,서울역,154,엘리베이터,900334,이용가능
335,서울역,154,휠체어리프트,900335,이용가능
336,서초,156,화장실,900336,이용가능
337,서초,156,엘리베이터,900337,이용가능
338,석계,157,엘리베이터,900338,이용가능
339,석계,157,화장실,900339,이용가능
340,석계,157,에스켈레이터,900340,이용가능
341,석계,157,휠체어리프트,900341,이용가능
342,석계,157,수평보행기,900342,이용가능
343,석촌,159,화장실,900343,이용가능
344,석촌,159,엘리베이터,900344,이용가능
345,선릉,160,화장실,900345,이용가능
346,선릉,160,엘리베이터,900346,이용가능
347,선릉,160,에스켈레이터,900347,이용가능
348,성내,163,화장실,900348,이용가능
349,성내,163,엘리베이터,900349,이용가능
350,성수,166,화장실,900350,이용가능
351,성수,166,엘리베이터,900351,이용가능
352,성수,166,에스켈레이터,900352,이용가능
353,성수,166,휠체어리프트,900353,이용가능
354,성신대입구,167,화장실,900354,이용가능
355,성신대입구,167,엘리베이터,900355,이용가능
356,송정,173,화장실,900356,이용가능
357,송정,173,엘리베이터,900357,이용가능
358,송정,173,에스켈레이터,900358,이용가능
359,송파,175,화장실,900359,이용가능
360,송파,175,엘리베이터,900360,이용가능
361,수락산,176,화장실,900361,이용가능
362,수락산,176,엘리베이터,900362,이용가능
363,수락산,176,에스켈레이터,900363,이용가능
364,수락산,176,휠체어리프트,900364,이용가능
365,수색,177,화장실,900365,이용가능
366,수색,177,에스켈레이터,900366,이용가능
367,수색,177,엘리베이터,900367,이용가능
368,수색,177,휠체어리프트,900368,이용가능
369,수서,178,화장실,900369,이용가능
370,수서,178,엘리베이터,900370,이용가능
371,수서,178,에스켈레이터,900371,이용가능
372,수서,178,휠체어리프트,900372,이용가능
373,수유,180,화장실,900373,이용가능
374,수유,180,엘리베이터,900374,이용가능
375,수진,181,화장실,900375,이용가능
376,수진,181,엘리베이터,900376,이용가능
377,수진,181,휠체어리프트,900377,이용가능
378,숙대입구,182,엘리베이터,900378,이용가능
379,숙대입구,182,화장실,900379,이용가능
380,숭실대입구,183,엘리베이터,900380,이용가능
381,숭실대입구,183,화장실,900381,이용가능
382,숭실대입구,183,에스켈레이터,900382,이용가능
383,시청,184,화장실,900383,이용가능
384,시청,184,엘리베이터,900384,이용가능
385,시청,184,에스켈레이터,900385,이용가능
386,시청,184,휠체어리프트,900386,이용가능
387,신금호,186,화장실,900387,이용가능
388,신금호,186,엘리베이터,900388,이용가능
389,신금호,186,에스켈레이터,900389,이용가능
390,신길,187,화장실,900390,이용가능
391,신길,187,엘리베이터,900391,이용가능
392,신길,187,에스켈레이터,900392,이용가능
393,신길,187,휠체어리프트,900393,이용가능
394,신당,190,화장실,900394,이용가능
395,신당,190,에스켈레이터,900395,이용가능
396,신당,190,엘리베이터,900396,이용가능
397,신당,190,휠체어리프트,900397,이용가능
398,신대방,191,화장실,900398,이용가능
399,신대방,191,엘리베이터,900399,이용가능
400,신대방삼거리,192,화장실,900400,이용가능
401,신대방삼거리,192,엘리베이터,900401,이용가능
402,신대방삼거리,192,에스켈레이터,900402,이용가능
403,신도림,193,화장실,900403,이용가능
404,신도림,193,에스켈레이터,900404,이용가능
405,신도림,193,휠체어리프트,900405,이용가능
406,신림,194,화장실,900406,이용가능
407,신림,194,엘리베이터,900407,이용가능
408,신사,195,화장실,900408,이용가능
409,신사,195,엘리베이터,900409,이용가능
410,신설동,196,엘리베이터,900410,이용가능
411,신설동,196,에스켈레이터,900411,이용가능
412,신설동,196,화장실,900412,이용가능
413,신설동,196,휠체어리프트,900413,이용가능
414,신용산,197,화장실,900414,이용가능
415,신용산,197,엘리베이터,900415,이용가능
416,신정,199,화장실,900416,이용가능
417,신정,199,에스켈레이터,900417,이용가능
418,신정,199,엘리베이터,900418,이용가능
419,신정네거리,200,화장실,900419,이용가능
420,신정네거리,200,엘리베이터,900420,이용가능
421,신천,201,화장실,900421,이용가능
422,신천,201,엘리베이터,900422,이용가능
423,신촌,202,화장실,900423,이용가능
424,신촌,202,엘리베이터,900424,이용가능
425,신풍,203,화장실,900425,이용가능
426,신풍,203,엘리베이터,900426,이용가능
427,신풍,203,에스켈레이터,900427,이용가능
428,신흥,204,화장실,900428,이용가능
429,신흥,204,엘리베이터,900429,이용가능
430,쌍문,205,엘리베이터,900430,이용가능
431,쌍문,205,화장실,900431,이용가능
432,아차산,206,화장실,900432,이용가능
433,아차산,206,엘리베이터,900433,이용가능
434,아차산,206,에스켈레이터,900434,이용가능
435,아현,207,엘리베이터,900435,이용가능
436,아현,207,계단핸드레일,900436,이용가능
437,안국,208,화장실,900437,이용가능
438,안국,208,엘리베이터,900438,이용가능
439,안국,208,에스켈레이터,900439,이용가능
440,안암,210,에스켈레이터,900440,이용가능
441,안암,210,엘리베이터,900441,이용가능
442,안암,210,화장실,900442,이용가능
443,암사,212,화장실,900443,이용가능
444,암사,212,엘리베이터,900444,이용가능
445,암사,212,에스켈레이터,900445,이용가능
446,압구정,213,엘리베이터,900446,이용가능
447,압구정,213,화장실,900447,이용가능
448,압구정,213,휠체어리프트,900448,이용가능
449,애오개,214,화장실,900449,이용가능
450,애오개,214,엘리베이터,900450,이용가능
451,애오개,214,에스켈레이터,900451,이용가능
452,약수,215,화장실,900452,이용가능
453,약수,215,엘리베이터,900453,이용가능
454,약수,215,에스켈레이터,900454,이용가능
455,약수,215,휠체어리프트,900455,이용가능
456,양재,216,화장실,900456,이용가능
457,양재,216,엘리베이터,900457,이용가능
458,양천구청,217,화장실,900458,이용가능
459,양천구청,217,엘리베이터,900459,이용가능
460,양평,218,엘리베이터,900460,이용가능
461,양평,218,화장실,900461,이용가능
462,양평,218,에스켈레이터,900462,이용가능
463,어린이대공원,219,화장실,900463,이용가능
464,어린이대공원,219,엘리베이터,900464,이용가능
465,여의나루,220,화장실,900465,이용가능
466,여의나루,220,엘리베이터,900466,이용가능
467,여의나루,220,에스켈레이터,900467,이용가능
468,여의도,221,엘리베이터,900468,이용가능
469,여의도,221,에스켈레이터,900469,이용가능
470,여의도,221,화장실,900470,이용가능
471,역삼,223,화장실,900471,이용가능
472,역삼,223,엘리베이터,900472,이용가능
473,역촌,224,화장실,900473,이용가능
474,역촌,224,에스켈레이터,900474,이용가능
475,역촌,224,엘리베이터,900475,이용가능
476,연신내,225,계단핸드레일,900476,이용가능
477,연신내,225,엘리베이터,900477,이용가능
478,연신내,225,에스켈레이터,900478,이용가능
479,영등포구청,227,화장실,900479,이용가능
480,영등포구청,227,엘리베이터,900480,이용가능
481,영등포구청,227,에스켈레이터,900481,이용가능
482,영등포구청,227,휠체어리프트,900482,이용가능
483,영등포시장,228,엘리베이터,900483,이용가능
484,영등포시장,228,화장실,900484,이용가능
485,영등포시장,228,에스켈레이터,900485,이용가능
486,오금,229,에스켈레이터,900486,이용가능
487,오금,229,화장실,900487,이용가능
488,오금,229,엘리베이터,900488,이용가능
489,오금,229,휠체어리프트,900489,이용가능
490,오목교,231,화장실,900490,이용가능
491,오목교,231,엘리베이터,900491,이용가능
492,오목교,231,에스켈레이터,900492,이용가능
493,오목교,231,휠체어리프트,900493,이용가능
494,옥수,235,화장실,900494,이용가능
495,옥수,235,엘리베이터,900495,이용가능
496,옥수,235,휠체어리프트,900496,이용가능
497,온수,236,엘리베이터,900497,이용가능
498,온수,236,화장실,900498,이용가능
499,온수,236,에스켈레이터,900499,이용가능
500,온수,236,수평보행기,900500,이용가능
501,온수,236,휠체어리프트,900501,이용가능
502,올림픽공원,237,화장실,900502,이용가능
503,올림픽공원,237,엘리베이터,900503,이용가능
504,올림픽공원,237,에스켈레이터,900504,이용가능
505,왕십리,238,화장실,900505,이용가능
506,왕십리,238,엘리베이터,900506,이용가능
507,왕십리,238,에스켈레이터,900507,이용가능
508,왕십리,238,휠체어리프트,900508,이용가능
509,용마산,242,화장실,900509,이용가능
510,용마산,242,엘리베이터,900510,이용가능
511,용마산,242,에스켈레이터,900511,이용가능
512,우장산,244,화장실,900512,이용가능
513,우장산,244,엘리베이터,900513,이용가능
514,우장산,244,에스켈레이터,900514,이용가능
515,월곡,247,화장실,900515,이용가능
516,월곡,247,에스켈레이터,900516,이용가능
517,월곡,247,엘리베이터,900517,이용가능
518,월곡,247,휠체어리프트,900518,이용가능
519,을지로3가,248,엘리베이터,900519,이용가능
520,을지로3가,248,에스켈레이터,900520,이용가능
521,을지로3가,248,화장실,900521,이용가능
522,을지로4가,249,화장실,900522,이용가능
523,을지로4가,249,엘리베이터,900523,이용가능
524,을지로4가,249,에스켈레이터,900524,이용가능
525,을지로4가,249,휠체어리프트,900525,이용가능
526,을지로입구,250,화장실,900526,이용가능
527,을지로입구,250,휠체어리프트,900527,이용가능
528,을지로입구,250,엘리베이터,900528,이용가능
529,응암,251,화장실,900529,이용가능
530,응암,251,엘리베이터,900530,이용가능
531,응암,251,에스켈레이터,900531,이용가능
532,이대,255,화장실,900532,이용가능
533,이대,255,휠체어리프트,900533,이용가능
534,이대,255,엘리베이터,900534,이용가능
535,이촌,256,에스켈레이터,900535,이용가능
536,이촌,256,화장실,900536,이용가능
537,이촌,256,엘리베이터,900537,이용가능
538,이촌,256,휠체어리프트,900538,이용가능
539,이태원,257,화장실,900539,이용가능
540,이태원,257,엘리베이터,900540,이용가능
541,이태원,257,에스켈레이터,900541,이용가능
542,일원,260,화장실,900542,이용가능
543,일원,260,엘리베이터,900543,이용가능
544,잠실,261,화장실,900544,이용가능
545,잠실,261,엘리베이터,900545,이용가능
546,잠실,261,에스켈레이터,900546,이용가능
547,잠실,261,휠체어리프트,900547,이용가능
548,잠원,262,화장실,900548,이용가능
549,잠원,262,엘리베이터,900549,이용가능
550,장승배기,263,엘리베이터,900550,이용가능
551,장승배기,263,에스켈레이터,900551,이용가능
552,장승배기,263,화장실,900552,이용가능
553,장암,264,화장실,900553,이용가능
554,장암,264,엘리베이터,900554,이용가능
555,장지,265,화장실,900555,이용가능
556,장지,265,엘리베이터,900556,이용가능
557,장한평,266,에스켈레이터,900557,이용가능
558,장한평,266,엘리베이터,900558,이용가능
559,장한평,266,화장실,900559,이용가능
560,장한평,266,휠체어리프트,900560,이용가능
561,제기동,270,엘리베이터,900561,이용가능
562,제기동,270,화장실,900562,이용가능
563,종각,272,화장실,900563,이용가능
564,종각,272,엘리베이터,900564,이용가능
565,종각,272,에스켈레이터,900565,이용가능
566,종로3가,273,화장실,900566,이용가능
567,종로3가,273,엘리베이터,900567,이용가능
568,종로3가,273,에스켈레이터,900568,이용가능
569,종로3가,273,휠체어리프트,900569,이용가능
570,종로5가,274,화장실,900570,이용가능
571,종로5가,274,엘리베이터,900571,이용가능
572,종합운동장,275,화장실,900572,이용가능
573,종합운동장,275,엘리베이터,900573,이용가능
574,종합운동장,275,에스켈레이터,900574,이용가능
575,종합운동장,275,휠체어리프트,900575,이용가능
576,중계,278,에스켈레이터,900576,이용가능
577,중계,278,엘리베이터,900577,이용가능
578,중계,278,화장실,900578,이용가능
579,중계,278,휠체어리프트,900579,이용가능
580,중곡,279,화장실,900580,이용가능
581,중곡,279,엘리베이터,900581,이용가능
582,중곡,279,휠체어리프트,900582,이용가능
583,중화,282,화장실,900583,이용가능
584,중화,282,엘리베이터,900584,이용가능
585,증산,283,엘리베이터,900585,이용가능
586,증산,283,화장실,900586,이용가능
587,증산,283,에스켈레이터,900587,이용가능
588,지축,285,화장실,900588,이용가능
589,지축,285,휠체어리프트,900589,이용가능
590,창동,288,화장실,900590,이용가능
591,창동,288,엘리베이터,900591,이용가능
592,창신,289,화장실,900592,이용가능
593,창신,289,엘리베이터,900593,이용가능
594,창신,289,에스켈레이터,900594,이용가능
595,천왕,291,화장실,900595,이용가능
596,천왕,291,엘리베이터,900596,이용가능
597,천왕,291,에스켈레이터,900597,이용가능
598,천왕,291,휠체어리프트,900598,이용가능
599,천호,292,에스켈레이터,900599,이용가능
600,천호,292,화장실,900600,이용가능
601,천호,292,엘리베이터,900601,이용가능
602,천호,292,휠체어리프트,900602,이용가능
603,철산,293,엘리베이터,900603,이용가능
604,철산,293,화장실,900604,이용가능
605,철산,293,에스켈레이터,900605,이용가능
606,청구,294,화장실,900606,이용가능
607,청구,294,엘리베이터,900607,이용가능
608,청구,294,에스켈레이터,900608,이용가능
609,청담,295,화장실,900609,이용가능
610,청담,295,엘리베이터,900610,이용가능
611,청담,295,에스켈레이터,900611,이용가능
612,청담,295,휠체어리프트,900612,이용가능
613,청량리,296,화장실,900613,이용가능
614,청량리,296,엘리베이터,900614,이용가능
615,총신대입구,297,화장실,900615,이용가능
616,총신대입구,297,엘리베이터,900616,이용가능
617,총신대입구(이수),298,화장실,900617,이용가능
618,총신대입구(이수),298,에스켈레이터,900618,이용가능
619,총신대입구(이수),298,엘리베이터,900619,이용가능
620,총신대입구(이수),298,휠체어리프트,900620,이용가능
621,총신대입구(이수),298,수평보행기,900621,이용가능
622,충무로,299,화장실,900622,이용가능
623,충무로,299,엘리베이터,900623,이용가능
624,충무로,299,에스켈레이터,900624,이용가능
625,충무로,299,휠체어리프트,900625,이용가능
626,충정로,300,화장실,900626,이용가능
627,충정로,300,엘리베이터,900627,이용가능
628,충정로,300,에스켈레이터,900628,이용가능
629,태릉입구,301,화장실,900629,이용가능
630,태릉입구,301,엘리베이터,900630,이용가능
631,태릉입구,301,에스켈레이터,900631,이용가능
632,태릉입구,301,휠체어리프트,900632,이용가능
633,하계,304,화장실,900633,이용가능
634,하계,304,에스켈레이터,900634,이용가능
635,하계,304,엘리베이터,900635,이용가능
636,학동,305,화장실,900636,이용가능
637,학동,305,엘리베이터,900637,이용가능
638,학동,305,에스켈레이터,900638,이용가능
639,학여울,306,엘리베이터,900639,이용가능
640,학여울,306,화장실,900640,이용가능
641,학여울,306,에스켈레이터,900641,이용가능
642,학여울,306,휠체어리프트,900642,이용가능
643,한강진,307,엘리베이터,900643,이용가능
644,한강진,307,에스켈레이터,900644,이용가능
645,한강진,307,화장실,900645,이용가능
646,한성대입구,309,화장실,900646,이용가능
647,한성대입구,309,엘리베이터,900647,이용가능
648,한양대,310,엘리베이터,900648,이용가능
649,한양대,310,화장실,900649,이용가능
650,합정,311,화장실,900650,이용가능
651,합정,311,엘리베이터,900651,이용가능
652,합정,311,에스켈레이터,900652,이용가능
653,합정,311,휠체어리프트,900653,이용가능
654,행당,312,화장실,900654,이용가능
655,행당,312,엘리베이터,900655,이용가능
656,행당,312,에스켈레이터,900656,이용가능
657,혜화,313,화장실,900657,이용가능
658,혜화,313,엘리베이터,900658,이용가능
659,혜화,313,에스켈레이터,900659,이용가능
660,홍대입구,314,엘리베이터,900660,이용가능
661,홍대입구,314,화장실,900661,이용가능
662,홍제,315,화장실,900662,이용가능
663,홍제,315,엘리베이터,900663,이용가능
664,화랑대,317,엘리베이터,900664,이용가능
665,화랑대,317,에스켈레이터,900665,이용가능
666,화랑대,317,화장실,900666,이용가능
667,회현,322,엘리베이터,900667,이용가능
668,회현,322,에스켈레이터,900668,이용가능
669,회현,322,화장실,900669,이용가능
670,효창공원앞,323,화장실,900670,이용가능
671,효창공원앞,323,엘리베이터,900671,이용가능
672,효창공원앞,323,에스켈레이터,900672,이용가능
673,효창공원앞,323,휠체어리프트,900673,이용가능
